tab name	bk24na/chap_id	V	col	search str	replace str	succ_or_fail	date
"ספרי אמ""ת"	ספר תהלים/יח	ג	E	274	274.	success	Fri Mar 06 2026
נביאים ראשונים	"ספר מלכים/מל""ב יט"	טז	E	{{נוסח|וּֽשְׁﬞמָ֔ע|2=וּֽשֲׁמָ֔ע	{{נוסח|וּֽשְׁﬞמָ֔ע|2=א=וּֽשֲׁמָ֔ע	success	Sat Mar 07 2026
נביאים אחרונים	ספר יחזקאל/ד	י	E	{{נוסח|תֹּאכְﬞלֶֽנּוּ|2=א=תֹּאכְלֶֽנּוּ	{{נוסח|תֹּאכְﬞלֶֽנּוּ|2=א=תֹּאכֲלֶֽנּוּ	success	Sat Mar 07 2026
נביאים ראשונים	ספר יהושע/א	יא	E	אֱלֹֽהֵיכֶ֔ם	אֱלֹהֵיכֶ֔ם	success	Thu Mar 12 2026
נביאים ראשונים	ספר יהושע/ג	ו	E	וַיֵּֽלְכ֖וּ	וַיֵּלְכ֖וּ	success	Thu Mar 12 2026
נביאים ראשונים	ספר יהושע/ג	ח	E	נֹֽשְׂאֵ֥י	נֹשְׂאֵ֥י	success	Thu Mar 12 2026
נביאים ראשונים	ספר יהושע/ג	יד	E	לַֽעֲבֹ֖ר	לַעֲבֹ֖ר	success	Thu Mar 12 2026
נביאים ראשונים	ספר יהושע/ג	טז	E	וַיַּֽעַמְד֡וּ	וַיַּעַמְד֡וּ	success	Thu Mar 12 2026
נביאים ראשונים	ספר יהושע/ג	טז	E	"{{כו""ק|באדם|מֵֽאָדָ֤ם}}"	"{{כו""ק|באדם|מֵאָדָ֤ם}}"	success	Thu Mar 12 2026
נביאים ראשונים	ספר יהושע/ד	ו	E	הָֽאֲבָנִ֥ים	הָאֲבָנִ֥ים	success	Thu Mar 12 2026
נביאים ראשונים	ספר יהושע/ד	ח	E	בְּנֵֽי־יִשְׂרָאֵל֮	בְּנֵי־יִשְׂרָאֵל֮	success	Thu Mar 12 2026
נביאים ראשונים	ספר יהושע/ד	י	E	הָֽאָר֗וֹן	הָאָר֗וֹן	success	Thu Mar 12 2026
נביאים ראשונים	ספר יהושע/ד	יא	E	כַּֽאֲשֶׁר־תַּ֥ם	כַּאֲשֶׁר־תַּ֥ם	success	Thu Mar 12 2026
נביאים ראשונים	ספר יהושע/ו	ח	E	וְתָֽקְע֖וּ	וְתָקְע֖וּ	success	Thu Mar 12 2026
נביאים ראשונים	ספר יהושע/ז	א	E	וַיִּֽחַר־אַ֥ף	וַיִּחַר־אַ֥ף	success	Thu Mar 12 2026
נביאים ראשונים	ספר יהושע/ז	ב	E	הָֽאֲנָשִׁ֔ים	הָאֲנָשִׁ֔ים	success	Thu Mar 12 2026
נביאים ראשונים	ספר יהושע/ז	כ	E	אָֽנֹכִ֤י	אָנֹכִ֤י	success	Thu Mar 12 2026
נביאים ראשונים	ספר יהושע/ח	טז	E	אַֽחֲרֵ֣י	אַחֲרֵ֣י	success	Thu Mar 12 2026
נביאים ראשונים	ספר יהושע/ח	כ	E	אֶל־הָֽרוֹדֵֽף׃	אֶל־הָרוֹדֵֽף׃	success	Thu Mar 12 2026
נביאים ראשונים	ספר יהושע/ח	כז	E	{{נוסח|בָּֽזְﬞז֥וּ|2=א=בָּֽזֲז֥וּ	{{נוסח|בָּזְﬞז֥וּ|2=א=בָּזֲז֥וּ	success	Thu Mar 12 2026
נביאים ראשונים	ספר יהושע/ח	לא	E	כַּֽאֲשֶׁ֣ר	כַּאֲשֶׁ֣ר	success	Thu Mar 12 2026
נביאים ראשונים	ספר יהושע/ט	ד	E	וַיַּֽעֲשׂ֤וּ	וַיַּעֲשׂ֤וּ	success	Thu Mar 12 2026
נביאים ראשונים	ספר יהושע/י	ה	E	יְרֽוּשָׁל{{מ:ירושלם|ַ|֜}}ם	יְרוּשָׁל{{מ:ירושלם|ַ|֜}}ם	success	Thu Mar 12 2026
נביאים ראשונים	ספר יהושע/יב	ה	E	מֶֽלֶךְ־חֶשְׁבּֽוֹן׃	מֶלֶךְ־חֶשְׁבּֽוֹן׃	success	Thu Mar 12 2026
נביאים ראשונים	ספר יהושע/יב	י	E	יְרֽוּשָׁל{{מ:ירושלם|ַ|֙}}ם֙	יְרוּשָׁל{{מ:ירושלם|ַ|֙}}ם֙	success	Thu Mar 12 2026
נביאים ראשונים	ספר יהושע/יג	ג	E	הָֽעַזָּתִ֤י	הָעַזָּתִ֤י	success	Thu Mar 12 2026
נביאים ראשונים	ספר יהושע/יג	ז	E	וַֽחֲצִ֖י	וַחֲצִ֖י	success	Thu Mar 12 2026
נביאים ראשונים	ספר יהושע/יג	ל	E	מֶֽלֶךְ־הַבָּשָׁ֗ן	מֶלֶךְ־הַבָּשָׁ֗ן	success	Thu Mar 12 2026
נביאים ראשונים	ספר יהושע/יד	ז	E	{{נוסח|עִם־לְֽבָבִֽי|2==א וכן	{{נוסח|עִם־לְבָבִֽי|2==א?,ל (אין	success	Thu Mar 12 2026
נביאים ראשונים	ספר יהושע/יד	ז	E	"במג""ה"	געיה), וכך אצל ברויאר וכמו כן בדפוסים.{{ש}}א?=עִם־לְֽבָבִֽי	success	Thu Mar 12 2026
נביאים ראשונים	ספר יהושע/יד	ז	E	"בלמ""ד){{ש}}ברויאר=עִם־לְבָבִֽי"	באות	success	Thu Mar 12 2026
נביאים ראשונים	ספר יהושע/יד	ז	E	(בלי	ל?);	success	Thu Mar 12 2026
נביאים ראשונים	ספר יהושע/יד	ז	E	געיה) וכן	בכתר יש	success	Thu Mar 12 2026
נביאים ראשונים	ספר יהושע/יד	ז	E	במכון	דיו	success	Thu Mar 12 2026
נביאים ראשונים	ספר יהושע/יד	ז	E	ממרא.}}׃	"מתחת לאות למ""ד משמאל לנקודות השווא, ואולי הייתה כוונה לכתוב כאן געיה. כך הכריעו במג""ה בדפוס, אבל במהדורת מג""ה הדיגיטלית אין געיה.}}"	success	Thu Mar 12 2026
נביאים ראשונים	ספר יהושע/טו	כא	E	הֶֽעָרִ֗ים	הֶעָרִ֗ים	success	Thu Mar 12 2026
נביאים ראשונים	ספר יהושע/טו	לה	E	וַֽעֲדֻלָּ֔ם	וַעֲדֻלָּ֔ם	success	Thu Mar 12 2026
נביאים ראשונים	ספר יהושע/טו	לו	E	וַֽעֲדִיתַ֔יִם	וַעֲדִיתַ֔יִם	success	Thu Mar 12 2026
נביאים ראשונים	ספר יהושע/טז	ד	E	בְנֵֽי־יוֹסֵ֖ף	בְנֵי־יוֹסֵ֖ף	success	Thu Mar 12 2026
נביאים ראשונים	ספר יהושע/יז	יג	E	הֽוֹרִישֽׁוֹ׃	הוֹרִישֽׁוֹ׃	success	Thu Mar 12 2026
נביאים ראשונים	ספר יהושע/יח	כ	E	לִגְבֽוּלֹתֶ֛יהָ	לִגְבוּלֹתֶ֛יהָ	success	Thu Mar 12 2026
נביאים ראשונים	ספר יהושע/יח	כא	E	הֶֽעָרִ֗ים	הֶעָרִ֗ים	success	Thu Mar 12 2026
נביאים ראשונים	ספר יהושע/יט	ט	E	בְנֵֽי־שִׁמְע֖וֹן	בְנֵי־שִׁמְע֖וֹן	success	Thu Mar 12 2026
נביאים ראשונים	ספר יהושע/יט	טז	E	נַֽחֲלַ֥ת	נַחֲלַ֥ת	success	Thu Mar 12 2026
נביאים ראשונים	ספר יהושע/יט	לט	E	הֶֽעָרִ֖ים	הֶעָרִ֖ים	success	Thu Mar 12 2026
נביאים ראשונים	ספר יהושע/כ	ד	E	וְאָֽסְפ֨וּ	וְאָסְפ֨וּ	success	Thu Mar 12 2026
נביאים ראשונים	ספר יהושע/כא	ה	E	הַנּֽוֹתָרִ֗ים	הַנּוֹתָרִ֗ים	success	Thu Mar 12 2026
נביאים ראשונים	ספר יהושע/כא	יג	E	אַֽהֲרֹ֣ן	אַהֲרֹ֣ן	success	Thu Mar 12 2026
נביאים ראשונים	ספר יהושע/כא	יט	E	בְנֵֽי־אַהֲרֹ֖ן	בְנֵי־אַהֲרֹ֖ן	success	Thu Mar 12 2026
נביאים ראשונים	ספר יהושע/כא	כ	E	הַנּֽוֹתָרִ֖ים	הַנּוֹתָרִ֖ים	success	Thu Mar 12 2026
נביאים ראשונים	ספר יהושע/כא	כז	E	גֵֽרְשׁוֹן֮	גֵרְשׁוֹן֮	success	Thu Mar 12 2026
נביאים ראשונים	ספר יהושע/כב	ד	E	כַּֽאֲשֶׁ֖ר	כַּאֲשֶׁ֖ר	success	Thu Mar 12 2026
נביאים ראשונים	ספר יהושע/כב	ה	E	עֶֽבֶד־יְהֹוָה֒	עֶבֶד־יְהֹוָה֒	success	Thu Mar 12 2026
נביאים ראשונים	ספר יהושע/כב	ז	E	וְלַֽחֲצִ֣י{{מ:לגרמיה-2}}	וְלַחֲצִ֣י{{מ:לגרמיה-2}}	success	Thu Mar 12 2026
נביאים ראשונים	ספר יהושע/כב	כד	E	יֹֽאמְר֨וּ	יֹאמְר֨וּ	success	Thu Mar 12 2026
נביאים ראשונים	ספר יהושע/כג	יא	E	אֱלֹֽהֵיכֶֽם׃	אֱלֹהֵיכֶֽם׃	success	Thu Mar 12 2026
נביאים ראשונים	ספר יהושע/כד	א	E	וַיֶּֽאֱסֹ֧ף	וַיֶּאֱסֹ֧ף	success	Thu Mar 12 2026
נביאים ראשונים	ספר יהושע/כד	ג	E	וָֽאוֹלֵ֥ךְ	וָאוֹלֵ֥ךְ	success	Thu Mar 12 2026
נביאים ראשונים	ספר יהושע/כד	ד	E	וָֽאֶתֵּ֨ן	וָאֶתֵּ֨ן	success	Thu Mar 12 2026
"ספרי אמ""ת"	ספר תהלים/ז	ה	E	{{נוסח|צֽוֹרְﬞרִ֣י|2=א=צֽוֹרֲרִ֣י	{{נוסח|צוֹרְﬞרִ֣י|2=א=צוֹרֲרִ֣י	success	Thu Mar 12 2026
"ספרי אמ""ת"	ספר תהלים/כז	ד	E	בְּהֵֽיכָלֽוֹ׃	בְּהֵיכָלֽוֹ׃	success	Thu Mar 12 2026
"ספרי אמ""ת"	ספר תהלים/לט	יג	E	{{נוסח|שִׁ֥מְﬞעָֽה|2=א=שִׁ֥מֳעָֽה (חטף קמץ)}}{{מ:מקף אפור}}תְפִלָּתִ֨י{{מ:לגרמיה-2}} יְהֹוָ֡ה וְשַׁוְעָתִ֨י{{מ:לגרמיה-2}} {{מ:צינור|הַאֲזִינָה֮|הַאֲזִ֮ינָה֮}}{{ר1}}אֶֽל־דִּמְעָתִ֗י אַֽל־תֶּ֫חֱרַ֥שׁ{{ר3}}כִּ֤י גֵ֣ר אָנֹכִ֣י עִמָּ֑ךְ{{ר1}}תּ֝וֹשָׁ֗ב כְּכׇל־אֲבוֹתָֽי׃	"{{נוסח|שִׁ֥מְﬞעָֽה{{מ:מקף אפור}}תְפִלָּתִ֨י{{מ:לגרמיה-2}}|2=א=<שִׁ֥מֳעָֽה תְפִלָּתִ֨י׀> (חטף קמץ באות מ""ם) או <שִׁ֥מֲעָֽה תְפִלָּתִ֨י׀> (חטף פתח); בצילום אפשר להבחין היטב בנקודת חטף מטושטשת. לפי ברויאר חטף קמץ ולפי מג""ה חטף פתח.{{ש}}ל=<שִֽׁמְעָ֥ה־תְפִלָּתִ֨י׀> (מ""ם שוואה ומקף)}} יְהֹוָ֡ה וְשַׁוְעָתִ֨י{{מ:לגרמיה-2}} {{מ:צינור|הַאֲזִינָה֮|הַאֲזִ֮ינָה֮}}{{ר1}}אֶֽל־דִּמְעָתִ֗י אַֽל־תֶּ֫חֱרַ֥שׁ{{ר3}}כִּ֤י גֵ֣ר אָנֹכִ֣י עִמָּ֑ךְ{{ר1}}תּ֝וֹשָׁ֗ב כְּכׇל־אֲבוֹתָֽי׃"	success	Thu Mar 12 2026
"ספרי אמ""ת"	ספר תהלים/נ	א	E	פתוחה}}אֵ֤ל{{מ:לגרמיה-2}}	פתוחה}}אֵ֤ל{{נוסח|{{מ:פסק}}|2=ראו	success	Thu Mar 12 2026
"ספרי אמ""ת"	ספר תהלים/נ	א	E	אֱֽלֹהִ֡ים	ב{{מ:קישור בהערה|https://archive.org/details/Ginsburg_The-Massorah-Compiled-from-Manuscripts_1880-1905/page/n654/mode/1up|רשימת הפסק של גינצבורג}}. בסימנים קבעו שהוא קו של לגרמיה.}}אֱֽלֹהִ֡ים	success	Thu Mar 12 2026
"ספרי אמ""ת"	ספר תהלים/נה	כ	E	יִשְׁמַ֤ע{{מ:לגרמיה-2}}	יִשְׁמַ֤ע{{נוסח|{{מ:פסק}}|2=ראו	success	Thu Mar 12 2026
"ספרי אמ""ת"	ספר תהלים/נה	כ	E	אֵ֨ל{{מ:לגרמיה-2}}	"ב{{מ:קישור בהערה|https://archive.org/details/Ginsburg_The-Massorah-Compiled-from-Manuscripts_1880-1905/page/n654/mode/1up|רשימת הפסק של גינצבורג}}; רק הקו השני (אחרי ""אֵ֨ל"") מובא ב{{מ:קישור בהערה|https://archive.org/details/Ginsburg_The-Massorah-Compiled-from-Manuscripts_1880-1905/page/n643/mode/1up|רשימת הלגרמיה שלו}}. בסימנים קבעו שכאן הוא קו של לגרמיה.}}אֵ֨ל{{מ:לגרמיה-2}}"	success	Thu Mar 12 2026
"ספרי אמ""ת"	ספר תהלים/סב	יב	E	לֵֽאלֹהִֽים׃	לֵאלֹהִֽים׃	success	Thu Mar 12 2026
"ספרי אמ""ת"	ספר תהלים/סח	יא	E	לֶֽעָנִ֣י	לֶעָנִ֣י	success	Thu Mar 12 2026
"ספרי אמ""ת"	ספר תהלים/סח	לו	E	נֹתֵ֨ן{{מ:לגרמיה-2}}	נֹתֵ֨ן{{נוסח|{{מ:פסק}}|2=ראו	success	Thu Mar 12 2026
"ספרי אמ""ת"	ספר תהלים/סח	לו	E	עֹ֖ז	ב{{מ:קישור בהערה|https://archive.org/details/Ginsburg_The-Massorah-Compiled-from-Manuscripts_1880-1905/page/n654/mode/1up|רשימת הפסק של גינצבורג}}. בסימנים קבעו שהוא קו של לגרמיה.}}עֹ֖ז	success	Thu Mar 12 2026
"ספרי אמ""ת"	ספר תהלים/עא	ה	E	כִּֽי־אַתָּ֥ה	כִּי־אַתָּ֥ה	success	Thu Mar 12 2026
"ספרי אמ""ת"	ספר תהלים/עד	כא	E	יְֽהַלְל֥וּ	{{נוסח|יְֽהַלְﬞל֥וּ|2=א=יְֽהַלֲל֥וּ (חטף)}}	success	Thu Mar 12 2026
"ספרי אמ""ת"	ספר תהלים/פו	ב	E	נַפְשִׁי֮{{ר0}}כִּֽי־חָסִ֢יד	נַפְשִׁי֮{{ר0}}כִּי־חָסִ֢יד	success	Thu Mar 12 2026
"ספרי אמ""ת"	ספר תהלים/פו	ה	E	לְכׇל־קֹֽרְאֶֽיךָ׃	לְכׇל־קֹרְאֶֽיךָ׃	success	Thu Mar 12 2026
"ספרי אמ""ת"	ספר תהלים/צג	ב	E	מֵאָ֑ז{{ר1}}מֵעוֹלָ֣ם	מֵאָ֑ז{{ר1}}מֵ֖עוֹלָ֣ם	success	Thu Mar 12 2026
"ספרי אמ""ת"	ספר תהלים/צו	ח	E	שְׁמ֑וֹ{{ר1}}שְׂאֽוּ־מִ֝נְחָ֗ה	שְׁמ֑וֹ{{ר1}}שְׂאוּ־מִ֝נְחָ֗ה	success	Thu Mar 12 2026
"ספרי אמ""ת"	ספר תהלים/קכג	ד	E	הַשַּֽׁאֲנַנִּ֑ים{{ר1}}הַ֝בּ֗וּז	הַשַּׁאֲנַנִּ֑ים{{ר1}}הַ֝בּ֗וּז	success	Thu Mar 12 2026
"ספרי אמ""ת"	ספר תהלים/קלח	ה	E	יְהֹוָ֑ה{{ר1}}כִּֽי־גָ֝ד֗וֹל	יְהֹוָ֑ה{{ר1}}כִּי־גָ֝ד֗וֹל	success	Thu Mar 12 2026
"ספרי אמ""ת"	ספר תהלים/קמה	ו	E	נֽוֹרְאֹתֶ֣יךָ	נוֹרְאֹתֶ֣יךָ	success	Thu Mar 12 2026
"ספרי אמ""ת"	ספר תהלים/קמז	א	E	פתוחה}}כִּי־ט֭וֹב	פתוחה}}כִּֽי־ט֭וֹב	success	Thu Mar 12 2026
"ספרי אמ""ת"	ספר משלי/כד	יט	C	//{{ר4}}	//{{פפ}}//	success	Thu Mar 12 2026
"ספרי אמ""ת"	ספר איוב/ח	ג	E	יְעַוֵּת־צֶֽדֶק׃	"{{נוסח|יְעַוֵּֽת־צֶֽדֶק|2=א=געיה ימנית באות וי""ו}}׃"	success	Thu Mar 12 2026
תורה	ספר דברים/ה	יא	E	{{מ:כפול|כפול={{נוסח|שָׁמ֛֣וֹר|2==א	{{מ:כפול|כפול={{נוסח|שָׁמ֛֣וֹר|2==א-צילום,ל	success	Mon Mar 16 2026
תורה	ספר דברים/כח	כ	E	{{נוסח|מַֽעֲלָלֶ֖יךָ|2=ל=מַֽעֲלָלֶ֖יךָ	{{נוסח|מַעֲלָלֶ֖יךָ|2=ל=מַֽעֲלָלֶ֖יךָ	success	Mon Mar 16 2026
תורה	ספר דברים/כח	מד	E	תִּֽהְיֶ֥ה	תִּהְיֶ֥ה	success	Mon Mar 16 2026
תורה	ספר דברים/כט	כה	E	לֹֽא־יְדָע֔וּם	לֹא־יְדָע֔וּם	success	Mon Mar 16 2026
תורה	ספר דברים/ל	טו	E	אֶת־הַֽחַיִּ֖ים	אֶת־הַחַיִּ֖ים	success	Mon Mar 16 2026
תורה	ספר דברים/לא	יב	E	הָֽאֲנָשִׁ֤ים	הָאֲנָשִׁ֤ים	success	Mon Mar 16 2026
תורה	ספר דברים/לב	ל	E	מְכָרָ֔ם{{ר3}}וַֽיהֹוָ֖ה	מְכָרָ֔ם{{ר3}}וַיהֹוָ֖ה	success	Mon Mar 16 2026
תורה	ספר דברים/לב	נ	E	כַּֽאֲשֶׁר־מֵ֞ת	כַּאֲשֶׁר־מֵ֞ת	success	Mon Mar 16 2026
נביאים ראשונים	"ספר מלכים/מל""ב ח"	ו	E	עׇזְבָ֥הֿ|2==ל,ק,ש1	עׇזְבָ֥הֿ|2==ל,ק,ש1,ל-א,ק27?,ש2,ב1	success	Mon Mar 16 2026
נביאים ראשונים	ספר יהושע/יד	ז	E	געיה.}}	געיה.}}׃	success	Mon Mar 16 2026
נביאים ראשונים	"ספר מלכים/מל""ב כב"	ה	E	"{{כו""ק|ויתנה|וְיִתְּנוּ֗הוּ}}"	"{{כו""ק|ויתנה|וְיִתְּנ֗וּהוּ}}"	success	Sun Mar 29 2026
נביאים אחרונים	ספר ישעיהו/מד	כד	E	אתי|מֵאִתִּֽי}}|2=א-כתיב=מֵי־אִתִּֽי}}׃	אתי|מֵאִתִּֽי}}|2=א-כתיב=מֵי־אִתִּֽי (מקף כדי להורות על קריאה של שתי התיבות הכתובות ביחד){{ש}}ל-כתיב=מֵי־אִתִּֽי (אין מקף כי יש בקרי רק תיבה אחת)}} ׃	success	Sun Mar 29 2026
נביאים אחרונים	ספר יחזקאל/יג	יט	E	וַתְּחַלֶּלְ֨נָה	וַתְּחַלֶּ֨לְנָה	success	Sun Mar 29 2026
נביאים אחרונים	ספר יחזקאל/כ	ל	E	שִׁקּֽוּצֵיהֶ֖ם	שִׁקּוּצֵיהֶ֖ם	success	Sun Mar 29 2026
נביאים אחרונים	ספר יחזקאל/כא	כח	E	ובדפוסים	(הערת	success	Sun Mar 29 2026
נביאים אחרונים	ספר יחזקאל/כא	כח	E	וקורן	קרי	success	Sun Mar 29 2026
נביאים אחרונים	ספר יחזקאל/כא	כח	E	(וכן	מפורשת);	success	Sun Mar 29 2026
נביאים אחרונים	ספר יחזקאל/כא	כח	E	בברויאר){{ש}}א=כִּקְסׇום־שָׁוְא֙	הקרי	success	Sun Mar 29 2026
נביאים אחרונים	ספר יחזקאל/כא	כח	E	(ואין	צוין אצל ברויאר וכמו כן בדפוסים וקורן{{ש}}א=כִּקְסׇום־שָׁוְא֙ (אין	success	Sun Mar 29 2026
נביאים אחרונים	ספר יחזקאל/כא	כח	E	קרי)	קרי	success	Sun Mar 29 2026
נביאים אחרונים	ספר יחזקאל/כא	כח	E	וכך	מפורשת)	success	Sun Mar 29 2026
נביאים אחרונים	ספר יחזקאל/כא	כח	E	"במג""ה{{ש}}מ""ק-א=<ל'"	"ובמג""ה לא צוין קרי.{{ש}}מ""ק-א=<ל'"	success	Sun Mar 29 2026
נביאים אחרונים	ספר יחזקאל/כד	ב	E	"{{כו""ק|כתוב|כְּתׇב־}}לְךָ֙"	"{{נוסח|{{כו""ק|כתוב|כְּתׇב־}}לְךָ֙|2==ל (הערת קרי מפורשת); הקרי צוין אצל ברויאר וכמו כן בדפוסים וקורן{{ש}}א=כְּתָב־לְךָ֙ (אין הערת קרי מפורשת) ובמג""ה לא צוין קרי.{{ש}}מ""ק-א=<ה' מל>}}"	success	Sun Mar 29 2026
נביאים אחרונים	ספר יחזקאל/לב	לא	E	חַלְלֵי־חֶ֙רֶב֙	חַלְלֵֽי־חֶ֙רֶב֙	success	Sun Mar 29 2026
"ספרי אמ""ת"	ספר תהלים/יח	מו	E	מִֽמִּסְגְּרֽוֹתֵיהֶֽם׃	"{{נוסח|מִֽמִּסְגְּרוֹתֵיהֶֽם|2==ב""א,ת,ל-א,פטרבורג-EVR-II-B-34 (געיה כבדה באות מ""ם הראשונה), וכמו כן בכל התיג'אן ובתנ""ך ליסבון. בכתי""ת נכתבה הערה על־יד הפסוק: <לבן נפתלי מִמִסְגְּרוֹ'>. אמנם החילוף בין בן־אשר לבן־נפתלי נוגע בגעיה הכבדה באות הראשונה, ואינו נוגע באפשרות של געיה קלה באות רי""ש, או באפשרות לטרחא באות רי""ש כטעם משני (ראו בהמשך לגבי מג""ה).{{ש}}ג(לאחר תיקון)=מִמִּסְגְּרֽוֹתֵיהֶֽם (געיה קלה באות רי""ש); געיה נמחקה באות מ""ם הראשונה, וכנראה שכתב־היד תוקן משיטת בן־אשר לשיטת בן־נפתלי.{{ש}}ל,ק13=מִֽמִּסְגְּרֽוֹתֵיהֶֽם (געיה כבדה באות מ""ם הראשונה, וגעיה קלה באות רי""ש), וכך אצל דותן וברויאר, וכמו כן בכמה כתבי־יד ספרדים (פריז 25, קניקוט 1, כתר דמשק) וברוב הדפוסים וקורן. וראו {{מ:קישור בהערה|https://archive.org/details/ginsburg-tanakh-1926-images/page/n1266/mode/1up|הערת גינצבורג}}, שבחלק מהספרים נכתבה הגעיה הראשונה (כך אצלו בפנים), בחלקם השניה, בחלקם שתי הגעיות, וחלקם בלי געיה.{{ש}}מג""ה=מִֽמִּסְגְּר֖וֹתֵיהֶֽם (געיה כבדה באות מ""ם הראשונה, וטרחא כטעם משני באות רי""ש); לפי קריאה זו הקו מתחת לאות רי""ש בחלק מכתבי־היד אינו געיה אלא טרחא. והשוו ברואיר, טעמי המקרא, ט.35-36 (עמ' 235-236), וגם יא.80 (עמ' 308-309).}}׃"	success	Sun Mar 29 2026
חמש מגילות	מגילת איכה/ב	ד	E	וַֽיַּהֲרֹ֔ג	"{{נוסח|וַֽיַּהֲרֹ֔ג|2==ל,ש1,ק13,ל-א,פטרבורג-EVR-II-B-34,פטרבורגEVR-II-B-92,ק-מ,ב1,ש2 (טעם זקף קטן), וכך אצל ברויאר וכמו כן בדפוסים וקורן.{{ש}}מג""ה=וַֽיַּהֲרֹ֕ג (טעם זקף גדול), וראו עוד ב{{מ:קישור בהערה|https://archive.org/details/ginsburg-tanakh-1926-images/page/n1820/mode/1up|הערתו של גינצבורג}}.}}"	success	Sun Mar 29 2026
כתובים אחרונים	ספר דניאל/ד	טז	E	{{נוסח|מָרִ֕אי|2=ל-קרי=מָרִ֕י}}	"{{קו""כ-אם|מָרִ֕אי|2=ל-קרי=מָרִ֕י}}"	success	Sun Mar 29 2026
כתובים אחרונים	ספר עזרא/עזרא ה	א	E	{{נוסח|נְבִיַּאיָּ֔א|2=ל-קרי=נְבִיַּיָּ֔א}}	"{{קו""כ-אם|נְבִיַּאיָּ֔א|2=ל-קרי=נְבִיַּיָּ֔א}}"	success	Sun Mar 29 2026
כתובים אחרונים	ספר עזרא/עזרא ה	ב	E	{{נוסח|נְבִיַּאיָּ֥א|2=ל-קרי=נְבִיַּיָּ֥א}}	"{{קו""כ-אם|נְבִיַּאיָּ֥א|2=ל-קרי=נְבִיַּיָּ֥א}}"	success	Sun Mar 29 2026
נביאים אחרונים	ספר ישעיהו/מד	כד	E	אחת)}} ׃	אחת)}}׃	success	Sun Mar 29 2026
נביאים אחרונים	ספר יחזקאל/כח	ג	E	"{{נוסח|{{כו""ק|מדנאל|מִדָּֽנִיֵּ֑אל}}|2=א-כתיב=מִדָּֽנִֵּ֑אל"	"{{נוסח|{{כו""ק|מדנאל|מִדָּנִיֵּ֑אל}}|2=א-כתיב=מִדָּנִֵּ֑אל"	success	Mon Mar 30 2026
נביאים אחרונים	ספר יחזקאל/לא	ה	E	פֹארֹתָ֛ו	"{{קו""כ-אם|פֹארֹתָ֛ו|2=א-קרי=פֹארֹתָ֛יו}}"	success	Mon Mar 30 2026
נביאים אחרונים	ספר יחזקאל/לג	טז	E	יִֽחְיֶֽה׃	יִחְיֶֽה׃	success	Mon Mar 30 2026
נביאים אחרונים	ספר יחזקאל/לד	כד	E	אֶֽהְיֶ֤ה	אֶהְיֶ֤ה	success	Mon Mar 30 2026
נביאים אחרונים	ספר יחזקאל/מ	ו	E	בְּמַעֲלוֹתָ֑ו	"{{קו""כ-אם|בְּמַעֲלוֹתָ֑ו|2=א-קרי=בְּמַעֲלוֹתָ֑יו}}"	success	Mon Mar 30 2026
נביאים אחרונים	ספר יחזקאל/מ	כד	E	אֵילָו֙	"{{קו""כ-אם|אֵילָו֙|2=ל-קרי=אֵילָיו֙"	success	Mon Mar 30 2026
נביאים אחרונים	ספר יחזקאל/מ	כד	E	"{{קו""כ-אם|וְאֵ֣ילַמָּ֔ו|2=א-קרי=וְאֵ֣ילַמָּ֔יו}}"	"(הערת קרי מפורשת); בכתר אין הערת קרי או הערת מסורה אחרת על תיבה זו, אך ראו בתיבה הבאה שיש בה שני עיגולי מסורה.}} {{קו""כ-אם|וְאֵ֣ילַמָּ֔ו|2=ל-קרי=וְאֵ֣ילַמָּ֔יו (הערת קרי מפורשת); בכתר יש שני עיגולי מסורה על תיבה זו (וְאֵ֣֯ילַמָּ֔יו֯), מ""ק-א=<ד' מל>. והשוו להלן פסוק כ""ו.}}"	success	Mon Mar 30 2026
נביאים אחרונים	ספר יחזקאל/מ	כה	E	וּלְאֵֽילַמָּו֙	"{{קו""כ-אם|וּלְאֵֽילַמָּו֙|2=ל-קרי=וּלְאֵֽילַמָּיו֙ (הערת קרי מפורשת); בכתר אין הערה.}}"	success	Mon Mar 30 2026
נביאים אחרונים	ספר יחזקאל/מ	כו	E	וְאֵלַמָּ֖ו	"{{קו""כ-אם|וְאֵלַמָּ֖ו|2=ל-קרי=וְאֵֽלַמָּ֖יו (הערת קרי מפורשת); ואילו בכתר נכתב עיגול מסורה בסוף התיבה מעל האות וי""ו (וְאֵלַמָּ֖ו֯), בדיוק כמו כמו בתיבה הקודמת (עֹֽלוֹתָ֔ו֯), אך חסרה כאן הערת קרי או הערת מסורה אחרת. והשוו לעיל פסוק כ""ד.}}"	success	Mon Mar 30 2026
נביאים אחרונים	ספר יחזקאל/מג	כה	E	יַֽעֲשֽׂוּ׃	יַעֲשֽׂוּ׃	success	Mon Mar 30 2026
נביאים אחרונים	ספר יחזקאל/מד	ב	E	יִֽהְיֶ֜ה	יִהְיֶ֜ה	success	Mon Mar 30 2026
נביאים אחרונים	ספר יחזקאל/מז	יב	E	{{מ:קמץ|ד=לׇחֳדָשָׁיו֙|ס=לָחֳדָשָׁיו֙}}	{{מ:קמץ|ד=לׇֽחֳדָשָׁיו֙|ס=לָֽחֳדָשָׁיו֙}}	success	Mon Mar 30 2026
נביאים אחרונים	ספר יחזקאל/מז	יב	E	לְמַאֲכָ֔ל	לְמַֽאֲכָ֔ל	success	Mon Mar 30 2026
נביאים אחרונים	ספר יחזקאל/מ	כד	E	"{{קו""כ-אם|אֵילָו֙|2=ל-קרי=אֵילָיו֙ (הערת"	"{{נוסח|{{קו""כ-אם|אֵילָו֙|2=ל-קרי=אֵילָיו֙}}|2=(הערת"	success	Mon Mar 30 2026
נביאים אחרונים	ספר יחזקאל/מ	כד	E	"{{קו""כ-אם|וְאֵ֣ילַמָּ֔ו|2=ל-קרי=וְאֵ֣ילַמָּ֔יו (הערת"	"{{נוסח|{{קו""כ-אם|וְאֵ֣ילַמָּ֔ו|2=ל-קרי=וְאֵ֣ילַמָּ֔יו}}|2=(הערת"	success	Mon Mar 30 2026
נביאים אחרונים	ספר יחזקאל/מ	כה	E	"{{קו""כ-אם|וּלְאֵֽילַמָּו֙|2=ל-קרי=וּלְאֵֽילַמָּיו֙ (הערת"	"{{נוסח|{{קו""כ-אם|וּלְאֵֽילַמָּו֙|2=ל-קרי=וּלְאֵֽילַמָּיו֙}}|2=(הערת"	success	Mon Mar 30 2026
נביאים אחרונים	ספר יחזקאל/מ	כו	E	"{{קו""כ-אם|וְאֵלַמָּ֖ו|2=ל-קרי=וְאֵֽלַמָּ֖יו (הערת"	"{{נוסח|{{קו""כ-אם|וְאֵלַמָּ֖ו|2=ל-קרי=וְאֵֽלַמָּ֖יו}}|2=(הערת"	success	Mon Mar 30 2026
כתובים אחרונים	"ספר דברי הימים/דה""א ז"	ח	E	וֶֽ֠אֱלִיעֶ֠זֶר	וֶ֠אֱלִיעֶ֠זֶר	success	Thu Apr 02 2026
כתובים אחרונים	"ספר דברי הימים/דה""א טו"	ה	E	קְהָ֑ת	{{נוסח|קְﬞהָ֑ת|2=א=קֳהָ֑ת (חטף קמץ)}}	success	Thu Apr 02 2026
כתובים אחרונים	"ספר דברי הימים/דה""א כא"	יב	E	יְהֹוָ֤ה {{נוסח|וְדֶ֙בֶר֙|2==ל	יְהֹוָ֤ה{{מ:פסק}}{{נוסח|וְדֶ֙בֶר֙|2==ל	success	Thu Apr 02 2026
כתובים אחרונים	"ספר דברי הימים/דה""א כז"	יג	E	הָעֲשִׂירִי֙	הָֽעֲשִׂירִי֙	success	Thu Apr 02 2026
כתובים אחרונים	"ספר דברי הימים/דה""א כז"	כא	E	לַֽחֲצִ֤י	לַחֲצִ֤י	success	Thu Apr 02 2026
כתובים אחרונים	"ספר דברי הימים/דה""א כז"	כה	E	בֶּֽעָרִ֤ים	בֶּעָרִ֤ים	success	Thu Apr 02 2026
כתובים אחרונים	"ספר דברי הימים/דה""א כח"	כא	E	הָֽאֱלֹהִ֑ים	הָאֱלֹהִ֑ים	success	Thu Apr 02 2026
כתובים אחרונים	"ספר דברי הימים/דה""א כט"	כ	E	אֱלֹֽהֵיכֶ֑ם	אֱלֹהֵיכֶ֑ם	success	Thu Apr 02 2026
נביאים ראשונים	ספר יהושע/ג	ד	E	וּבֵנָ֔יו	"{{נוסח|{{קו""כ-אם|וּבֵנָ֔יו|ל-קרי=וּבֵינָ֔יו}}|2=ל-כתיב=וּבֵינָ֔ו{{ש}}השווה לקמן ח,יא{{ש}}מ""ק-א=ב' (כלומר פעמיים בלישנא אך בכתיבים שונים)}}"	success	Tue Apr 14 2026
נביאים ראשונים	ספר יהושע/ג	ד	E	וּבֵנָ֔יו	"{{נוסח|{{קו""כ-אם|וּבֵנָ֔יו|ל-קרי=וּבֵינָ֔יו}}|2=ל-כתיב=וּבֵינָ֔ו{{ש}}השווה לקמן ח,יא{{ש}}מ""ק-א=ב' (כלומר פעמיים בלישנא אך בכתיבים שונים)}}"	success	Tue Apr 14 2026
תורה	ספר ויקרא/ח	כג	E	<{{מ:אות-ג|וַיִּשְׁחָ֓ט{{מ:לגרמיה-2}}}}>	<{{מ:אות-ג|וַיִּשְׁחָ֓ט}}{{מ:לגרמיה-2}}>	success	Tue Apr 14 2026
נביאים ראשונים	ספר שופטים/ז	יג	E	צְלִ֜יל	"{{נוסח|צְלִ֜יל|2==א[לאחר תיקון],ק,ש1,ל-א,ש2 (כתיב יו""ד ואין הערת קרי); וכך אצל ברויאר ומג""ה. אמנם בכתי""ש2 נוספה הערה <בהללי צְלִ֜י קרי [!] / ובמסור' צלול בוא""ו כתי' וצליל ביו""ד קרי>.{{ש}}יש מחלוקת מסורה בתיבה זו: ל[לאחר תיקון],ב1=צְלִ֜ול כתיב, צליל קרי; וכמו כן בדפוסים וקורן. וראו עוד ברויאר, נוסח המקרא בכתר ירושלים.}}"	success	Tue Apr 14 2026
נביאים ראשונים	"ספר שמואל/שמ""ב יא"	כד	E	וַיֹּר֨אוּ	"{{קו""כ-אם|וַיֹּר֨אֿוּ|2=ל-קרי=וַיֹּר֨וּ}}"	success	Tue Apr 14 2026
נביאים ראשונים	"ספר שמואל/שמ""ב יא"	כד	E	הַמּוֹרִ֤אים	"{{קו""כ-אם|הַמּוֹרִ֤אֿים|2=ל-קרי=הַמּוֹרִ֤ים}}"	success	Tue Apr 14 2026
נביאים אחרונים	ספר יחזקאל/מ	לז	E	מַעֲלָֽו׃	"{{קו""כ-אם|מַעֲלָֽו|ל-קרי=מַעֲלָֽיו}}׃"	success	Tue Apr 14 2026
נביאים אחרונים	ספר יחזקאל/מז	ח	E	וְנִרְפּ֥אוּ	"{{קו""כ-אם|וְנִרְפּ֥אֿוּ|ל-קרי=וְנִרְפּ֥וּ}}"	success	Tue Apr 14 2026
נביאים אחרונים	ספר יחזקאל/מח	כא	E	בְּתוֹכֹֽה׃	"{{קו""כ-אם|בְּתוֹכֹֽה|ל-קרי=בְּתוֹכֽוֹ}}׃"	success	Tue Apr 14 2026
חמש מגילות	מגילת איכה/ד	ג	E	"גַּם־{{קו""כ|תנין|תַּנִּים֙}} חָ֣לְצוּ שַׁ֔ד הֵינִ֖יקוּ גּוּרֵיהֶ֑ן בַּת־עַמִּ֣י לְאַכְזָ֔ר {{נוסח|{{מ:כו""ק כתיב תרתין מילין וקרי מילה חדה|כי ענים|כַּיְעֵינִ֖ים}}|2=דותן העתיק ל-קרי=כַּיְעֵנִ֖ים (כתיב חסר יו""ד בהברת העי""ן) ולא העיר על השינוי (וכן הוא בדפוסים, קורן, ברויאר ומג""ה). רק המקליד הביא את הקרי כמו שהוא באמת כתוב בכתי""ל.}} בַּמִּדְבָּֽר׃"	"גַּם־{{קו""כ|תנין|תַּנִּים֙}} חָ֣לְצוּ שַׁ֔ד הֵינִ֖יקוּ גּוּרֵיהֶ֑ן בַּת־עַמִּ֣י לְאַכְזָ֔ר {{נוסח|{{מ:כו""ק כתיב תרתין מילין וקרי מילה חדה|כי ענים|כַּיְעֵנִ֖ים}}|2==א(ק),ל,ש1,ב1,ק-מ,ש2 (כתיב חסר יו""ד בהברת העי""ן), וכמו כן לגבי הכתיב בכל התיג'אן ובכתבי־יד ספרדים ובדפוסים וקורן, וכך הכריעו דותן וברויאר ומג""ה.{{ש}}דותן הכריע בפנים ל-קרי=כַּיְעֵנִ֖ים ורק בהערה ציין ל-קרי=כַּיְעֵינִ֖ים (יו""ד בהברת העי""ן), וכך צוין הקרי גם ב-BHQ <כיעינים קרי>, אמנם BHS!=<כיענים קרי>. בניגוד לכתי""ל, הערת הקרי בכתי""ש1 היא <כיענים ק'>, וכך מציינים את הקרי בכתבי־היד ספרדים ואצל ברויאר ומג""ה, וכמו כן בדפוסים וקורן.{{ש}}בכמה כתבי־יד מזרחים הכתיב עצמו מלא יו""ד בהברת העי""ן, וכמו־כן בהערת הקרי (כתיב כַּיְ עֵינִ֖ים, ""כיעינים קרי""): ק13,פטרבורג-EVR-II-B-34,פטרבורג-EVR-II-B-92[אין הערת קרי]. וייתכן שהערת הקרי בכתי""ל הושפעה מהכתיב הזה.}} בַּמִּדְבָּֽר׃"	success	Tue Apr 14 2026
כתובים אחרונים	"ספר דברי הימים/דה""א טו"	ה	E	קמץ)}}	קמץ); בכתר נכתב הקמץ מתחת לשווא, אך המשמעות ברורה.}}	success	Tue Apr 14 2026
נביאים אחרונים	ספר יחזקאל/מ	לז	E	"{{קו""כ-אם|מַעֲלָֽו|ל-קרי=מַעֲלָֽיו}}׃"	"{{קו""כ-אם|מַעֲלָֽו|2=ל-קרי=מַעֲלָֽיו}}׃"	success	Tue Apr 14 2026
נביאים אחרונים	ספר יחזקאל/מז	ח	E	"{{קו""כ-אם|וְנִרְפּ֥אֿוּ|ל-קרי=וְנִרְפּ֥וּ}}"	"{{קו""כ-אם|וְנִרְפּ֥אֿוּ|2=ל-קרי=וְנִרְפּ֥וּ}}"	success	Tue Apr 14 2026
נביאים אחרונים	ספר יחזקאל/מח	כא	E	"{{קו""כ-אם|בְּתוֹכֹֽה|ל-קרי=בְּתוֹכֽוֹ}}׃"	"{{קו""כ-אם|בְּתוֹכֹֽה|2=ל-קרי=בְּתוֹכֽוֹ}}׃"	success	Tue Apr 14 2026
נביאים ראשונים	ספר יהושע/י	כד	E	הֶהָלְכ֣וּא	"{{נוסח|{{כו""ק|ההלכוא|הֶהָלְכ֣וּ}}|2=מ""ק-ל=יב׳ יתיר א׳}}"	success	Wed Apr 15 2026
נביאים אחרונים	ספר יחזקאל/מח	יח	E	תְבֽוּאָתֹה֙	"{{נוסח|{{קו""כ-אם|תְבֽוּאָתֹה֙|2=ל-קרי=תְבֽוּאָתוֹ֙}}|2=השוו ירמיהו ב,ג}}"	success	Wed Apr 15 2026
נביאים אחרונים	ספר תרי עשר/צפניה ב	ט	E	גּוֹיִ֖	"{{נוסח|{{כו""ק|גוי|גּוֹיִ֖י}}|2=בכתר יש הערת מסורה פשוטה בלבד על תיבה זו (ל'), אבל בכתי""ל יש הערת קרי מפורשת (גויי ק').}}"	success	Wed Apr 15 2026
נביאים ראשונים	"ספר שמואל/שמ""ב ב"	כג	E	תַּחְתָּ֑ו	"{{קו""כ-אם|תַּחְתָּ֑ו|2=א-קרי=תַּחְתָּ֑יו}}"	success	Thu Apr 16 2026
נביאים אחרונים	ספר יחזקאל/מ	כו	E	"{{נוסח|{{קו""כ-אם|וְאֵלַמָּ֖ו|2=ל-קרי=וְאֵֽלַמָּ֖יו}}|2=(הערת"	"{{נוסח|{{קו""כ-אם|וְאֵלַמָּ֖ו|2=ל-קרי=וְאֵלַמָּ֖יו}}|2=(הערת"	success	Thu Apr 16 2026
נביאים אחרונים	ספר ירמיהו/ב	ג	E	תְּבוּאָתֹ֑ה	"{{נוסח|{{קו""כ-אם|תְּבוּאָתֹ֑ה|2=קרי=תְּבוּאָת֑וֹ}}|2=השוו יחזקאל מח,יח}}"	success	Fri Apr 17 2026
נביאים אחרונים	ספר ירמיהו/נא	ט	E	רִפִּ֤אנוּ	"{{קו""כ-אם|רִפִּ֤אֿנוּ|2=ל-קרי=רִפִּ֤ינוּ}}"	success	Fri Apr 17 2026
תורה	ספר שמות/כב	ד	E	"אֶת־{{קו""כ-אם|בְּעִירֹ֔ה|2=ל-קרי=בעירו}}"	"אֶת־{{קו""כ-אם|בְּעִירֹ֔ה|2=ל-קרי=בְּעִירֹ֔ו}}"	success	Mon Apr 20 2026
תורה	ספר שמות/כב	כו	E	"{{קו""כ-אם|כְסוּתֹה֙|2=ל-קרי=כסותו}}"	"{{קו""כ-אם|כְסוּתֹה֙|2=ל-קרי=כְסוּתוֹ֙}}"	success	Mon Apr 20 2026
תורה	ספר שמות/כח	כח	E	"{{קו""כ-אם|מִֽטַּבְּעֹתָ֞ו|2=ל-קרי=מטבעתיו}}"	"{{קו""כ-אם|מִֽטַּבְּעֹתָ֞ו|2=ל-קרי=מִטַּבְּעֹתָ֞יו}}"	success	Mon Apr 20 2026
תורה	ספר ויקרא/ט	כב	E	"אֶת־{{קו""כ-אם|יָדָ֛ו|2=ל-קרי=ידיו}}"	"אֶת־{{קו""כ-אם|יָדָ֛ו|2=ל-קרי=יָדָ֛יו}}"	success	Mon Apr 20 2026
תורה	ספר ויקרא/טז	כא	E	"{{קו""כ-אם|יָדָ֗ו|2=ל-קרי=ידיו}}"	"{{קו""כ-אם|יָדָ֗ו|2=ל-קרי=יָדָ֗יו}}"	success	Mon Apr 20 2026
תורה	ספר דברים/כב	טז	E	"{{נוסח|{{קו""כ-אם|הַֽנַּעֲרָ֖|2=ל1,ק3-קרי=הַֽנַּעֲרָ֖ה}}|2==ל1,ש,ש1,ק3,ו,ל3,ל9"	"{{נוסח|{{קו""כ-אם|הַֽנַּעֲרָ֖|2=ל1-קרי,ק3-קרי=הַֽנַּעֲרָ֖ה}}|2==ל1,ש,ש1,ק3,ו,ל3,ל9"	success	Mon Apr 20 2026
תורה	ספר דברים/לג	ט	E	"וְאֶת־{{קו""כ-אם|בָּנָ֖ו|2=אל-קרי=בָּנָ֖יו}}"	"וְאֶת־{{קו""כ-אם|בָּנָ֖ו|2=א-קרי,ל-קרי=בָּנָ֖יו}}"	success	Mon Apr 20 2026
נביאים אחרונים	ספר ירמיהו/לב	ד	E	"אֶת־{{קו""כ-אם|עֵינָ֥ו|2=אל-קרי=עֵינָ֥יו}}"	"אֶת־{{קו""כ-אם|עֵינָ֥ו|2=א-קרי,ל-קרי=עֵינָ֥יו}}"	success	Mon Apr 20 2026
נביאים אחרונים	ספר תרי עשר/חבקוק ג	יד	E	"{{קו""כ-אם|פְּרָזָ֔ו|2=א,ל-קרי=פְּרָזָ֔יו}}"	"{{קו""כ-אם|פְּרָזָ֔ו|2=א-קרי,ל-קרי=פְּרָזָ֔יו}}"	success	Mon Apr 20 2026
"ספרי אמ""ת"	ספר תהלים/צ	ח	E	"{{נוסח|{{קו""כ-אם|שַׁתָּ֣|2=א,ל-קרי=שַׁתָּ֣ה}}|2==קורן"	"{{נוסח|{{קו""כ-אם|שַׁתָּ֣|2=א-קרי,ל-קרי=שַׁתָּ֣ה}}|2==קורן"	success	Mon Apr 20 2026
"ספרי אמ""ת"	ספר תהלים/צ	ח	E	ושיטתנו){{ש}}א,ל-קרי=שַׁתָּ֣ה	ושיטתנו){{ש}}א-קרי,ל-קרי=שַׁתָּ֣ה	success	Mon Apr 20 2026
חמש מגילות	מגילת קהלת/י	י	E	"{{קו""כ-אם|הַכְשֵׁ֖יר|2=ל=יתיר"	"{{נוסח|{{קו""כ-אם|הַכְשֵׁ֖יר|2=קרי=הַכְשֵׁ֖ר)}}|2=בכתי״ל"	success	Mon Apr 20 2026
חמש מגילות	מגילת קהלת/י	י	E	י'	‹יתיר	success	Mon Apr 20 2026
חמש מגילות	מגילת קהלת/י	י	E	(קרי=הַכְשֵׁ֖ר)}}	י׳›}}	success	Mon Apr 20 2026
תורה	ספר בראשית/יג	ג	E	"{{קו""כ-אם|{{מ:קמץ|ד=אׇֽהֳלֹה֙|ס=אָֽהֳלֹה֙}}|2=ל-קרי=אָֽהֳלוֹ֙"	"{{נוסח|{{קו""כ-אם|{{מ:קמץ|ד=אׇֽהֳלֹה֙|ס=אָֽהֳלֹה֙}}|2=ל-קרי={{מ:קמץ|ד=אׇֽהֳלֹוֹ֙|ס=אָֽהֳלֹוֹ֙}}}}|2=ל-כתיב=אֽ͏ָהֳלה֙"	success	Mon Apr 20 2026
תורה	ספר דברים/יג	טז	E	"{{קו""כ-אם|הַהִ֖וא|2=ל-קרי=הַהִ֖יא"	"{{נוסח|{{קו""כ-אם|הַהִ֖וא|2=ל-קרי=הַהִ֖יא}}|2=בכתי״ל"	success	Mon Apr 20 2026
תורה	ספר דברים/יג	טז	E	"(""י'"	‹י׳	success	Mon Apr 20 2026
תורה	ספר דברים/יג	טז	E	"ק"""	ק›	success	Mon Apr 20 2026
תורה	ספר דברים/יג	טז	E	"וי""ו)}}"	וי״ו}}	success	Mon Apr 20 2026
תורה	ספר בראשית/יג	ג	E	"{{נוסח|{{קו""כ-אם|{{מ:קמץ|ד=אׇֽהֳלֹה֙|ס=אָֽהֳלֹה֙}}|2=ל-קרי={{מ:קמץ|ד=אׇֽהֳלֹוֹ֙|ס=אָֽהֳלֹוֹ֙}}}}|2=ל-כתיב=אֽ͏ָהֳלה֙"	"{{נוסח|{{מ:קו""כ-אם-2|{{מ:קמץ|ד=אׇֽהֳלֹה֙|ס=אָֽהֳלֹה֙}}|אהלה|{{מ:קמץ|ד=אׇֽהֳלֹוֹ֙|ס=אָֽהֳלֹוֹ֙}}|מקורות=ל-קרי}}|2=ל-כתיב=אֽ͏ָהֳלה֙"	success	Mon Apr 20 2026
תורה	ספר בראשית/מט	י	E	"{{קו""כ-אם|שִׁילֹ֔ה|2=ל-קרי=שִׁיל֔וֹ}}"	"{{מ:קו""כ-אם-2|שִׁילֹ֔ה|שילה|שִׁיל֔וֹ|מקורות=ל-קרי}}"	success	Mon Apr 20 2026
תורה	ספר בראשית/מט	יא	E	"{{קו""כ-אם|עִירֹ֔ה|2=ל-קרי=עִיר֔וֹ}}"	"{{מ:קו""כ-אם-2|עִירֹ֔ה|עירה|עִיר֔וֹ|מקורות=ל-קרי}}"	success	Mon Apr 20 2026
תורה	ספר בראשית/מט	יא	E	"{{קו""כ-אם|סוּתֹֽה|2=ל-קרי=סוּתֽוֹ}}׃"	"{{מ:קו""כ-אם-2|סוּתֹֽה|סותה|סוּתֽוֹ|מקורות=ל-קרי}}׃"	success	Mon Apr 20 2026
תורה	ספר שמות/כב	ד	E	"אֶת־{{קו""כ-אם|בְּעִירֹ֔ה|2=ל-קרי=בְּעִירֹ֔ו}}"	"אֶת־{{מ:קו""כ-אם-2|בְּעִירֹ֔ה|בעירה|בְּעִירֹ֔ו|מקורות=ל-קרי}}"	success	Mon Apr 20 2026
תורה	ספר שמות/כב	כו	E	"{{קו""כ-אם|כְסוּתֹה֙|2=ל-קרי=כְסוּתוֹ֙}}"	"{{מ:קו""כ-אם-2|כְסוּתֹה֙|כסותה|כְסוּתוֹ֙|מקורות=ל-קרי}}"	success	Mon Apr 20 2026
תורה	ספר שמות/כז	יא	E	"{{קו""כ-אם|וְעַמֻּדָ֣ו|2=ל-קרי=וְעַמֻּדָ֣יו}}"	"{{מ:קו""כ-אם-2|וְעַמֻּדָ֣ו|ועמדו|וְעַמֻּדָ֣יו|מקורות=ל-קרי}}"	success	Mon Apr 20 2026
תורה	ספר שמות/כח	כח	E	"{{קו""כ-אם|מִֽטַּבְּעֹתָ֞ו|2=ל-קרי=מִטַּבְּעֹתָ֞יו}}"	"{{מ:קו""כ-אם-2|מִֽטַּבְּעֹתָ֞ו|מטבעתו|מִטַּבְּעֹתָ֞יו|מקורות=ל-קרי}}"	success	Mon Apr 20 2026
תורה	ספר שמות/לב	יט	E	"{{קו""כ-אם|מִיָּדָו֙|2=ל-קרי=מִיָּדָיו֙}}"	"{{מ:קו""כ-אם-2|מִיָּדָו֙|מידו|מִיָּדָיו֙|מקורות=ל-קרי}}"	success	Mon Apr 20 2026
תורה	ספר שמות/לט	לג	E	"{{קו""כ-אם|בְּרִיחָ֖ו|2=ל-קרי=בְּרִיחָ֖יו}}"	"{{מ:קו""כ-אם-2|בְּרִיחָ֖ו|בריחו|בְּרִיחָ֖יו|מקורות=ל-קרי}}"	success	Mon Apr 20 2026
תורה	ספר ויקרא/ט	כב	E	"אֶת־{{קו""כ-אם|יָדָ֛ו|2=ל-קרי=יָדָ֛יו}}"	"אֶת־{{מ:קו""כ-אם-2|יָדָ֛ו|ידו|יָדָ֛יו|מקורות=ל-קרי}}"	success	Mon Apr 20 2026
תורה	ספר ויקרא/טז	כא	E	"{{קו""כ-אם|יָדָ֗ו|2=ל-קרי=יָדָ֗יו}}"	"{{מ:קו""כ-אם-2|יָדָ֗ו|ידו|יָדָ֗יו|מקורות=ל-קרי}}"	success	Mon Apr 20 2026
תורה	ספר במדבר/יב	ג	E	"{{קו""כ-אם|עָנָ֣ו|2=ל-קרי=עָנָ֣יו}}"	"{{מ:קו""כ-אם-2|עָנָ֣ו|ענו|עָנָ֣יו|מקורות=ל-קרי}}"	success	Mon Apr 20 2026
תורה	ספר דברים/ב	לג	E	"וְאֶת־{{קו""כ-אם|בָּנָ֖ו|2=ל-קרי=בָּנָ֖יו}}"	"וְאֶת־{{מ:קו""כ-אם-2|בָּנָ֖ו|בנו|בָּנָ֖יו|מקורות=ל-קרי}}"	success	Mon Apr 20 2026
תורה	ספר דברים/ז	ט	E	"{{קו""כ-אם|מִצְוֺתָ֖ו|2=ל-קרי=מִצְוֺתָ֖יו}}"	"{{מ:קו""כ-אם-2|מִצְוֺתָ֖ו|מצותו|מִצְוֺתָ֖יו|מקורות=ל-קרי}}"	success	Mon Apr 20 2026
תורה	ספר דברים/ח	ב	E	"{{קו""כ-אם|מִצְוֺתָ֖ו|2=ל-קרי=מִצְוֺתָ֖יו}}"	"{{מ:קו""כ-אם-2|מִצְוֺתָ֖ו|מצותו|מִצְוֺתָ֖יו|מקורות=ל-קרי}}"	success	Mon Apr 20 2026
תורה	ספר דברים/יג	טז	E	"{{נוסח|{{קו""כ-אם|הַהִ֖וא|2=ל-קרי=הַהִ֖יא}}|2=בכתי״ל"	"{{נוסח|{{מ:קו""כ-אם-2|הַהִ֖וא|ההוא|הַהִ֖יא|מקורות=ל-קרי}}|2=בכתי״ל"	success	Mon Apr 20 2026
תורה	ספר דברים/כב	טו	E	"{{קו""כ-אם|הַֽנַּעֲרָ֖|2=ל-קרי=הַֽנַּעֲרָ֖ה}}"	"{{מ:קו""כ-אם-2|הַֽנַּעֲרָ֖|הנער|הַֽנַּעֲרָ֖ה|מקורות=ל-קרי}}"	success	Mon Apr 20 2026
תורה	ספר דברים/כב	טו	E	"{{קו""כ-אם|הַֽנַּעֲרָ֛|2=ל-קרי=הַֽנַּעֲרָ֛ה}}"	"{{מ:קו""כ-אם-2|הַֽנַּעֲרָ֛|הנער|הַֽנַּעֲרָ֛ה|מקורות=ל-קרי}}"	success	Mon Apr 20 2026
תורה	ספר דברים/כב	טז	E	"{{נוסח|{{קו""כ-אם|הַֽנַּעֲרָ֖|2=ל1-קרי,ק3-קרי=הַֽנַּעֲרָ֖ה}}|2==ל1,ש,ש1,ק3,ו,ל3,ל9"	"{{נוסח|{{מ:קו""כ-אם-2|הַֽנַּעֲרָ֖|הנער|הַֽנַּעֲרָ֖ה|מקורות=ל1-קרי,ק3-קרי}}|2==ל1,ש,ש1,ק3,ו,ל3,ל9"	success	Mon Apr 20 2026
תורה	ספר דברים/כב	כ	E	"{{קו""כ-אם|לַֽנַּעֲרָֽ|2=ל-קרי=לַֽנַּעֲרָֽה}}׃"	"{{מ:קו""כ-אם-2|לַֽנַּעֲרָֽ|לנער|לַֽנַּעֲרָֽה|מקורות=ל-קרי}}׃"	success	Mon Apr 20 2026
תורה	ספר דברים/כב	כא	E	"אֶת־{{קו""כ-אם|הַֽנַּעֲרָ֜|2=ל-קרי=הַֽנַּעֲרָ֜ה}}"	"אֶת־{{מ:קו""כ-אם-2|הַֽנַּעֲרָ֜|הנער|הַֽנַּעֲרָ֜ה|מקורות=ל-קרי}}"	success	Mon Apr 20 2026
תורה	ספר דברים/כב	כג	E	"{{קו""כ-אם|נַעֲרָ֣|2=ל-קרי=נַעֲרָ֣ה}}"	"{{מ:קו""כ-אם-2|נַעֲרָ֣|נער|נַעֲרָ֣ה|מקורות=ל-קרי}}"	success	Mon Apr 20 2026
תורה	ספר דברים/כב	כד	E	"אֶת־{{קו""כ-אם|הַֽנַּעֲרָ֗|2=ל-קרי=הַֽנַּעֲרָ֗ה}}"	"אֶת־{{מ:קו""כ-אם-2|הַֽנַּעֲרָ֗|הנער|הַֽנַּעֲרָ֗ה|מקורות=ל-קרי}}"	success	Mon Apr 20 2026
תורה	ספר דברים/כב	כה	E	"אֶת־{{קו""כ-אם|הַֽנַּעֲרָ֙|2=ל-קרי=הַֽנַּעֲרָה֙}}"	"אֶת־{{מ:קו""כ-אם-2|הַֽנַּעֲרָ֙|הנער|הַֽנַּעֲרָה֙|מקורות=ל-קרי}}"	success	Mon Apr 20 2026
תורה	ספר דברים/כב	כו	E	"{{קו""כ-אם|וְלַֽנַּעֲרָ֙|2=ל-קרי=וְלַֽנַּעֲרָה֙}}"	"{{מ:קו""כ-אם-2|וְלַֽנַּעֲרָ֙|ולנער|וְלַֽנַּעֲרָה֙|מקורות=ל-קרי}}"	success	Mon Apr 20 2026
תורה	ספר דברים/כב	כו	E	"{{קו""כ-אם|לַֽנַּעֲרָ֖|2=ל-קרי=לַֽנַּעֲרָ֖ה}}"	"{{מ:קו""כ-אם-2|לַֽנַּעֲרָ֖|לנער|לַֽנַּעֲרָ֖ה|מקורות=ל-קרי}}"	success	Mon Apr 20 2026
תורה	ספר דברים/כב	כז	E	"{{קו""כ-אם|הַֽנַּעֲרָ֙|2=ל-קרי=הַֽנַּעֲרָה֙}}"	"{{מ:קו""כ-אם-2|הַֽנַּעֲרָ֙|הנער|הַֽנַּעֲרָה֙|מקורות=ל-קרי}}"	success	Mon Apr 20 2026
תורה	ספר דברים/כב	כח	E	"{{קו""כ-אם|נַעֲרָ֤|2=ל-קרי=נַעֲרָ֤ה}}"	"{{מ:קו""כ-אם-2|נַעֲרָ֤|נער|נַעֲרָ֤ה|מקורות=ל-קרי}}"	success	Mon Apr 20 2026
תורה	ספר דברים/כב	כט	E	"{{קו""כ-אם|הַֽנַּעֲרָ֖|2=ל-קרי=הַֽנַּעֲרָ֖ה}}"	"{{מ:קו""כ-אם-2|הַֽנַּעֲרָ֖|הנער|הַֽנַּעֲרָ֖ה|מקורות=ל-קרי}}"	success	Mon Apr 20 2026
תורה	ספר דברים/לג	ט	E	"וְאֶת־{{קו""כ-אם|בָּנָ֖ו|2=א-קרי,ל-קרי=בָּנָ֖יו}}"	"וְאֶת־{{מ:קו""כ-אם-2|בָּנָ֖ו|בנו|בָּנָ֖יו|מקורות=א-קרי,ל-קרי}}"	success	Mon Apr 20 2026
נביאים ראשונים	ספר יהושע/ג	ד	E	"{{נוסח|{{קו""כ-אם|וּבֵנָ֔יו|2=ל-קרי=וּבֵינָ֔יו}}|2=ל-כתיב=וּבֵינָ֔ו{{ש}}השווה"	"{{נוסח|{{מ:קו""כ-אם-2|וּבֵנָ֔יו|ובניו|וּבֵינָ֔יו|מקורות=ל-קרי}}|2=ל-כתיב=וּבֵינָ֔ו{{ש}}השווה"	success	Mon Apr 20 2026
נביאים ראשונים	ספר יהושע/ח	יא	E	"{{קו""כ-אם|בֵּינָ֥ו|2=א-קרי=בֵּינָ֥יו}}"	"{{מ:קו""כ-אם-2|בֵּינָ֥ו|בינו|בֵּינָ֥יו|מקורות=א-קרי}}"	success	Mon Apr 20 2026
נביאים ראשונים	ספר יהושע/טז	ג	E	"{{קו""כ-אם|תֹצְאֹתָ֖ו|2=א-קרי=תֹצְאֹתָ֖יו}}"	"{{מ:קו""כ-אם-2|תֹצְאֹתָ֖ו|תצאתו|תֹצְאֹתָ֖יו|מקורות=א-קרי}}"	success	Mon Apr 20 2026
נביאים ראשונים	"ספר שמואל/שמ""א ב"	י	E	"{{קו""כ-אם|מְרִיבָ֗ו|2=א-קרי=מְרִיבָ֗יו}}"	"{{מ:קו""כ-אם-2|מְרִיבָ֗ו|מריבו|מְרִיבָ֗יו|מקורות=א-קרי}}"	success	Mon Apr 20 2026
נביאים ראשונים	"ספר שמואל/שמ""א ב"	י	E	"{{קו""כ-אם|עָלָו֙|2=א-קרי=עָלָיו֙}}"	"{{מ:קו""כ-אם-2|עָלָו֙|עלו|עָלָיו֙|מקורות=א-קרי}}"	success	Mon Apr 20 2026
נביאים ראשונים	"ספר שמואל/שמ""א ג"	ב	E	"{{קו""כ-אם|וְעֵינָו֙|2=א-קרי=וְעֵינָיו֙}}"	"{{מ:קו""כ-אם-2|וְעֵינָו֙|ועינו|וְעֵינָיו֙|מקורות=א-קרי}}"	success	Mon Apr 20 2026
נביאים ראשונים	"ספר שמואל/שמ""א ג"	יח	E	"{{קו""כ-אם|בְּעֵינָ֖ו|2=א-קרי=בְּעֵינָ֖יו}}"	"{{מ:קו""כ-אם-2|בְּעֵינָ֖ו|בעינו|בְּעֵינָ֖יו|מקורות=א-קרי}}"	success	Mon Apr 20 2026
נביאים ראשונים	"ספר שמואל/שמ""א י"	כא	E	"{{קו""כ-אם|לְמִשְׁפְּחֹתָ֔ו|2=א-קרי=לְמִשְׁפְּחֹתָ֔יו}}"	"{{מ:קו""כ-אם-2|לְמִשְׁפְּחֹתָ֔ו|למשפחתו|לְמִשְׁפְּחֹתָ֔יו|מקורות=א-קרי}}"	success	Mon Apr 20 2026
נביאים ראשונים	"ספר שמואל/שמ""א יח"	ז	E	"{{קו""כ-אם|בַּאֲלָפָ֔ו|2=א-קרי=בַּאֲלָפָ֔יו}}"	"{{מ:קו""כ-אם-2|בַּאֲלָפָ֔ו|באלפו|בַּאֲלָפָ֔יו|מקורות=א-קרי}}"	success	Mon Apr 20 2026
נביאים ראשונים	"ספר שמואל/שמ""א יח"	יד	E	"לְכׇל־{{קו""כ-אם|דְּרָכָ֖ו|2=א-קרי=דְּרָכָ֖יו}}"	"לְכׇל־{{מ:קו""כ-אם-2|דְּרָכָ֖ו|דרכו|דְּרָכָ֖יו|מקורות=א-קרי}}"	success	Mon Apr 20 2026
נביאים ראשונים	"ספר שמואל/שמ""א כא"	יב	E	"{{קו""כ-אם|בַּאֲלָפָ֔ו|2=א-קרי=בַּאֲלָפָ֔יו}}"	"{{מ:קו""כ-אם-2|בַּאֲלָפָ֔ו|באלפו|בַּאֲלָפָ֔יו|מקורות=א-קרי}}"	success	Mon Apr 20 2026
נביאים ראשונים	"ספר שמואל/שמ""א כא"	יב	E	"{{קו""כ-אם|בְּרִבְבֹתָֽו|2=א-קרי=בְּרִבְבֹתָֽיו}}׃"	"{{מ:קו""כ-אם-2|בְּרִבְבֹתָֽו|ברבבתו|בְּרִבְבֹתָֽיו|מקורות=א-קרי}}׃"	success	Mon Apr 20 2026
נביאים ראשונים	"ספר שמואל/שמ""א כג"	ה	E	"{{קו""כ-אם|וַאֲנָשָׁ֨ו|2=א-קרי=וַאֲנָשָׁ֨יו}}"	"{{מ:קו""כ-אם-2|וַאֲנָשָׁ֨ו|ואנשו|וַאֲנָשָׁ֨יו|מקורות=א-קרי}}"	success	Mon Apr 20 2026
נביאים ראשונים	"ספר שמואל/שמ""א כו"	ה	E	"{{קו""כ-אם|סְבִיבֹתָֽו|2=א-קרי=סְבִיבֹתָֽיו}}׃"	"{{מ:קו""כ-אם-2|סְבִיבֹתָֽו|סביבתו|סְבִיבֹתָֽיו|מקורות=א-קרי}}׃"	success	Mon Apr 20 2026
נביאים ראשונים	"ספר שמואל/שמ""א כו"	ז	E	"{{קו""כ-אם|מְרַֽאֲשֹׁתָ֑ו|2=א-קרי=מְרַֽאֲשֹׁתָ֑יו}}"	"{{מ:קו""כ-אם-2|מְרַֽאֲשֹׁתָ֑ו|מראשתו|מְרַֽאֲשֹׁתָ֑יו|מקורות=א-קרי}}"	success	Mon Apr 20 2026
נביאים ראשונים	"ספר שמואל/שמ""א כו"	ז	E	"{{קו""כ-אם|סְבִיבֹתָֽו|2=א-קרי=סְבִיבֹתָֽיו}}׃"	"{{מ:קו""כ-אם-2|סְבִיבֹתָֽו|סביבתו|סְבִיבֹתָֽיו|מקורות=א-קרי}}׃"	success	Mon Apr 20 2026
נביאים ראשונים	"ספר שמואל/שמ""א כו"	יא	E	"{{קו""כ-אם|מְרַאֲשֹׁתָ֛ו|2=א-קרי=מְרַאֲשֹׁתָ֛יו}}"	"{{מ:קו""כ-אם-2|מְרַאֲשֹׁתָ֛ו|מראשתו|מְרַאֲשֹׁתָ֛יו|מקורות=א-קרי}}"	success	Mon Apr 20 2026
נביאים ראשונים	"ספר שמואל/שמ""א כו"	טז	E	"{{קו""כ-אם|מְרַאֲשֹׁתָֽו|2=א-קרי=מְרַאֲשֹׁתָֽיו}}׃"	"{{מ:קו""כ-אם-2|מְרַאֲשֹׁתָֽו|מראשתו|מְרַאֲשֹׁתָֽיו|מקורות=א-קרי}}׃"	success	Mon Apr 20 2026
נביאים ראשונים	"ספר שמואל/שמ""א כט"	ה	E	"{{קו""כ-אם|בְּרִבְבֹתָֽו|2=א-קרי=בְּרִבְבֹתָֽיו}}׃"	"{{מ:קו""כ-אם-2|בְּרִבְבֹתָֽו|ברבבתו|בְּרִבְבֹתָֽיו|מקורות=א-קרי}}׃"	success	Mon Apr 20 2026
נביאים ראשונים	"ספר שמואל/שמ""ב ב"	כג	E	"{{קו""כ-אם|תַּחְתָּ֑ו|2=א-קרי=תַּחְתָּ֑יו}}"	"{{מ:קו""כ-אם-2|תַּחְתָּ֑ו|תחתו|תַּחְתָּ֑יו|מקורות=א-קרי}}"	success	Mon Apr 20 2026
נביאים ראשונים	"ספר שמואל/שמ""ב יא"	כד	E	"{{קו""כ-אם|וַיֹּר֨אֿוּ|2=ל-קרי=וַיֹּר֨וּ}}"	"{{מ:קו""כ-אם-2|וַיֹּר֨אֿוּ|ויראו|וַיֹּר֨וּ|מקורות=ל-קרי}}"	success	Mon Apr 20 2026
נביאים ראשונים	"ספר שמואל/שמ""ב יא"	כד	E	"{{קו""כ-אם|הַמּוֹרִ֤אֿים|2=ל-קרי=הַמּוֹרִ֤ים}}"	"{{מ:קו""כ-אם-2|הַמּוֹרִ֤אֿים|המוראים|הַמּוֹרִ֤ים|מקורות=ל-קרי}}"	success	Mon Apr 20 2026
נביאים ראשונים	"ספר שמואל/שמ""ב יב"	כ	E	"{{קו""כ-אם|שִׂמְלֹתָ֔ו|2=א-קרי=שִׂמְלֹתָ֔יו}}"	"{{מ:קו""כ-אם-2|שִׂמְלֹתָ֔ו|שמלתו|שִׂמְלֹתָ֔יו|מקורות=א-קרי}}"	success	Mon Apr 20 2026
נביאים ראשונים	"ספר שמואל/שמ""ב יג"	לד	E	"אֶת־{{קו""כ-אם|עֵינָ֔ו|2=א-קרי=עֵינָ֔יו}}"	"אֶת־{{מ:קו""כ-אם-2|עֵינָ֔ו|עינו|עֵינָ֔יו|מקורות=א-קרי}}"	success	Mon Apr 20 2026
נביאים ראשונים	"ספר שמואל/שמ""ב יט"	יט	E	"{{קו""כ-אם|בְּעֵינָ֑ו|2=א-קרי=בְּעֵינָ֑יו}}"	"{{מ:קו""כ-אם-2|בְּעֵינָ֑ו|בעינו|בְּעֵינָ֑יו|מקורות=א-קרי}}"	success	Mon Apr 20 2026
נביאים ראשונים	"ספר שמואל/שמ""ב כ"	ח	E	"{{קו""כ-אם|וְעָלָ֞ו|2=א-קרי=וְעָלָ֞יו}}"	"{{מ:קו""כ-אם-2|וְעָלָ֞ו|ועלו|וְעָלָ֞יו|מקורות=א-קרי}}"	success	Mon Apr 20 2026
נביאים ראשונים	"ספר שמואל/שמ""ב כב"	כג	E	"כׇל־{{קו""כ-אם|מִשְׁפָּטָ֖ו|2=א-קרי=מִשְׁפָּטָ֖יו}}"	"כׇל־{{מ:קו""כ-אם-2|מִשְׁפָּטָ֖ו|משפטו|מִשְׁפָּטָ֖יו|מקורות=א-קרי}}"	success	Mon Apr 20 2026
נביאים ראשונים	"ספר שמואל/שמ""ב כג"	ט	E	"{{קו""כ-אם|וְאַחֲרָ֛ו|2=א-קרי=וְאַחֲרָ֛יו}}"	"{{מ:קו""כ-אם-2|וְאַחֲרָ֛ו|ואחרו|וְאַחֲרָ֛יו|מקורות=א-קרי}}"	success	Mon Apr 20 2026
נביאים ראשונים	"ספר שמואל/שמ""ב כד"	כב	E	"{{קו""כ-אם|בְּעֵינָ֑ו|2=א-קרי=בְּעֵינָ֑יו}}"	"{{מ:קו""כ-אם-2|בְּעֵינָ֑ו|בעינו|בְּעֵינָ֑יו|מקורות=א-קרי}}"	success	Mon Apr 20 2026
נביאים ראשונים	"ספר מלכים/מל""א י"	ה	E	"{{קו""כ-אם|מְשָׁרְתָ֜ו|2=א-קרי=מְשָׁרְתָ֜יו}}"	"{{מ:קו""כ-אם-2|מְשָׁרְתָ֜ו|משרתו|מְשָׁרְתָ֜יו|מקורות=א-קרי}}"	success	Mon Apr 20 2026
נביאים ראשונים	"ספר מלכים/מל""א יח"	מב	E	"{{קו""כ-אם|בִּרְכָּֽו|2=א-קרי=בִּרְכָּֽיו}}׃"	"{{מ:קו""כ-אם-2|בִּרְכָּֽו|ברכו|בִּרְכָּֽיו|מקורות=א-קרי}}׃"	success	Mon Apr 20 2026
נביאים ראשונים	"ספר מלכים/מל""ב ה"	ט	E	"{{קו""כ-אם|בְּסוּסָ֣ו|2=א-קרי=בְּסוּסָ֣יו}}"	"{{מ:קו""כ-אם-2|בְּסוּסָ֣ו|בסוסו|בְּסוּסָ֣יו|מקורות=א-קרי}}"	success	Mon Apr 20 2026
נביאים ראשונים	"ספר מלכים/מל""ב יא"	יח	E	"אֶת־{{קו""כ-אם|מִזְבְּחֹתָ֤ו|2=א-קרי=מִזְבְּחֹתָ֤יו}}"	"אֶת־{{מ:קו""כ-אם-2|מִזְבְּחֹתָ֤ו|מזבחתו|מִזְבְּחֹתָ֤יו|מקורות=א-קרי}}"	success	Mon Apr 20 2026
נביאים ראשונים	"ספר מלכים/מל""ב יד"	יב	E	"{{קו""כ-אם|לְאֹהָלָֽו|2=ל-קרי=לְאֹהָלָֽיו}}׃"	"{{מ:קו""כ-אם-2|לְאֹהָלָֽו|לאהלו|לְאֹהָלָֽיו|מקורות=ל-קרי}}׃"	success	Mon Apr 20 2026
נביאים ראשונים	"ספר מלכים/מל""ב יט"	כג	E	"{{קו""כ-אם|קִצֹּ֔ה|2=א-קרי=קִצּ֔וֹ}}"	"{{מ:קו""כ-אם-2|קִצֹּ֔ה|קצה|קִצּ֔וֹ|מקורות=א-קרי}}"	success	Mon Apr 20 2026
נביאים אחרונים	ספר ישעיהו/לט	ב	E	"{{קו""כ-אם|נְכֹתֹ֡ה|2=א-קרי=נְכֹת֡וֹ}}"	"{{מ:קו""כ-אם-2|נְכֹתֹ֡ה|נכתה|נְכֹת֡וֹ|מקורות=א-קרי}}"	success	Mon Apr 20 2026
נביאים אחרונים	ספר ירמיהו/ב	ג	E	"{{נוסח|{{קו""כ-אם|תְּבוּאָתֹ֑ה|2=קרי=תְּבוּאָת֑וֹ}}|2=השוו"	"{{נוסח|{{מ:קו""כ-אם-2|תְּבוּאָתֹ֑ה|תבואתה|תְּבוּאָת֑וֹ}}|2=השוו"	success	Mon Apr 20 2026
נביאים אחרונים	ספר ירמיהו/ח	י	E	"{{קו""כ-אם|כֻּלֹּ֖ה|2=א-קרי=כֻּלּ֖וֹ}}"	"{{מ:קו""כ-אם-2|כֻּלֹּ֖ה|כלה|כֻּלּ֖וֹ|מקורות=א-קרי}}"	success	Mon Apr 20 2026
נביאים אחרונים	ספר ירמיהו/טו	ח	E	"{{קו""כ-אם|אַלְמְנוֹתָו֙|2=א-קרי=אַלְמְנוֹתָיו֙}}"	"{{מ:קו""כ-אם-2|אַלְמְנוֹתָו֙|אלמנותו|אַלְמְנוֹתָיו֙|מקורות=א-קרי}}"	success	Mon Apr 20 2026
נביאים אחרונים	ספר ירמיהו/יז	כד	E	"עֲשֽׂוֹת־{{קו""כ-אם|בֹּ֖ה|2=א-קרי=בּ֖וֹ}}"	"עֲשֽׂוֹת־{{מ:קו""כ-אם-2|בֹּ֖ה|בה|בּ֖וֹ|מקורות=א-קרי}}"	success	Mon Apr 20 2026
נביאים אחרונים	ספר ירמיהו/לב	ד	E	"אֶת־{{קו""כ-אם|עֵינָ֥ו|2=א-קרי,ל-קרי=עֵינָ֥יו}}"	"אֶת־{{מ:קו""כ-אם-2|עֵינָ֥ו|עינו|עֵינָ֥יו|מקורות=א-קרי,ל-קרי}}"	success	Mon Apr 20 2026
נביאים אחרונים	ספר ירמיהו/לב	לה	E	"{{קו""כ-אם|הַחֲטִ֥י|2=ל-קרי=הַחֲטִ֥יא}}"	"{{מ:קו""כ-אם-2|הַחֲטִ֥י|החטי|הַחֲטִ֥יא|מקורות=ל-קרי}}"	success	Mon Apr 20 2026
נביאים אחרונים	ספר ירמיהו/נא	ט	E	"{{קו""כ-אם|רִפִּ֤אֿנוּ|2=ל-קרי=רִפִּ֤ינוּ}}"	"{{מ:קו""כ-אם-2|רִפִּ֤אֿנוּ|רפאנו|רִפִּ֤ינוּ|מקורות=ל-קרי}}"	success	Mon Apr 20 2026
נביאים אחרונים	ספר יחזקאל/ג	כ	E	"{{קו""כ-אם|צִדְקֹתָו֙|2=א-קרי=צִדְקֹתָיו֙}}"	"{{מ:קו""כ-אם-2|צִדְקֹתָו֙|צדקתו|צִדְקֹתָיו֙|מקורות=א-קרי}}"	success	Mon Apr 20 2026
נביאים אחרונים	ספר יחזקאל/יב	יד	E	"{{קו""כ-אם|עֶזְרֹ֛ה|2=א-קרי=עֶזְר֛וֹ}}"	"{{מ:קו""כ-אם-2|עֶזְרֹ֛ה|עזרה|עֶזְר֛וֹ|מקורות=א-קרי}}"	success	Mon Apr 20 2026
נביאים אחרונים	ספר יחזקאל/יח	כא	E	"מִכׇּל־{{קו""כ-אם|חַטֹּאתָו֙|2=א-קרי=חַטֹּאתָיו֙}}"	"מִכׇּל־{{מ:קו""כ-אם-2|חַטֹּאתָו֙|חטאתו|חַטֹּאתָיו֙|מקורות=א-קרי}}"	success	Mon Apr 20 2026
נביאים אחרונים	ספר יחזקאל/יח	כד	E	"כׇּל־{{קו""כ-אם|צִדְקֹתָ֤ו|2=א-קרי=צִדְקֹתָ֤יו}}"	"כׇּל־{{מ:קו""כ-אם-2|צִדְקֹתָ֤ו|צדקתו|צִדְקֹתָ֤יו|מקורות=א-קרי}}"	success	Mon Apr 20 2026
נביאים אחרונים	ספר יחזקאל/כ	מ	E	"{{קו""כ-אם|כֻּלֹּ֖ה|2=א-קרי=כֻּלּ֖וֹ}}"	"{{מ:קו""כ-אם-2|כֻּלֹּ֖ה|כלה|כֻּלּ֖וֹ|מקורות=א-קרי}}"	success	Mon Apr 20 2026
נביאים אחרונים	ספר יחזקאל/כז	ו	E	"{{קו""כ-אם|כִּתִּיִּֽם|2=א-קרי=כִּתִּיִּֽים}}׃"	"{{מ:קו""כ-אם-2|כִּתִּיִּֽם|כתים|כִּתִּיִּֽים|מקורות=א-קרי}}׃"	success	Mon Apr 20 2026
נביאים אחרונים	ספר יחזקאל/לא	ה	E	"{{קו""כ-אם|פֹארֹתָ֛ו|2=א-קרי=פֹארֹתָ֛יו}}"	"{{מ:קו""כ-אם-2|פֹארֹתָ֛ו|פארתו|פֹארֹתָ֛יו|מקורות=א-קרי}}"	success	Mon Apr 20 2026
נביאים אחרונים	ספר יחזקאל/לג	יג	E	"כׇּל־{{קו""כ-אם|צִדְקֹתָו֙|2=א-קרי=צִדְקֹתָיו֙}}"	"כׇּל־{{מ:קו""כ-אם-2|צִדְקֹתָו֙|צדקתו|צִדְקֹתָיו֙|מקורות=א-קרי}}"	success	Mon Apr 20 2026
נביאים אחרונים	ספר יחזקאל/לג	טז	E	"כׇּל־{{קו""כ-אם|חַטֹּאתָו֙|2=א-קרי=חַטֹּאתָיו֙}}"	"כׇּל־{{מ:קו""כ-אם-2|חַטֹּאתָו֙|חטאתו|חַטֹּאתָיו֙|מקורות=א-קרי}}"	success	Mon Apr 20 2026
נביאים אחרונים	ספר יחזקאל/לו	י	E	"{{קו""כ-אם|כֻּלֹּ֑ה|2=א-קרי=כֻּלּ֑וֹ}}"	"{{מ:קו""כ-אם-2|כֻּלֹּ֑ה|כלה|כֻּלּ֑וֹ|מקורות=א-קרי}}"	success	Mon Apr 20 2026
נביאים אחרונים	ספר יחזקאל/לז	טז	E	"{{קו""כ-אם|חֲבֵרָ֑ו|2=א-קרי=חֲבֵרָ֑יו}}"	"{{מ:קו""כ-אם-2|חֲבֵרָ֑ו|חברו|חֲבֵרָ֑יו|מקורות=א-קרי}}"	success	Mon Apr 20 2026
נביאים אחרונים	ספר יחזקאל/לז	טז	E	"{{קו""כ-אם|חֲבֵרָֽו|2=א-קרי=חֲבֵרָֽיו}}׃"	"{{מ:קו""כ-אם-2|חֲבֵרָֽו|חברו|חֲבֵרָֽיו|מקורות=א-קרי}}׃"	success	Mon Apr 20 2026
נביאים אחרונים	ספר יחזקאל/לז	יט	E	"{{קו""כ-אם|חֲבֵרָ֑ו|2=א-קרי=חֲבֵרָ֑יו}}"	"{{מ:קו""כ-אם-2|חֲבֵרָ֑ו|חברו|חֲבֵרָ֑יו|מקורות=א-קרי}}"	success	Mon Apr 20 2026
נביאים אחרונים	ספר יחזקאל/מ	ו	E	"{{קו""כ-אם|בְּמַעֲלוֹתָ֑ו|2=א-קרי=בְּמַעֲלוֹתָ֑יו}}"	"{{מ:קו""כ-אם-2|בְּמַעֲלוֹתָ֑ו|במעלותו|בְּמַעֲלוֹתָ֑יו|מקורות=א-קרי}}"	success	Mon Apr 20 2026
נביאים אחרונים	ספר יחזקאל/מ	ט	E	"{{קו""כ-אם|וְאֵילָ֖ו|2=א-קרי=וְאֵילָ֖יו}}"	"{{מ:קו""כ-אם-2|וְאֵילָ֖ו|ואילו|וְאֵילָ֖יו|מקורות=א-קרי}}"	success	Mon Apr 20 2026
נביאים אחרונים	ספר יחזקאל/מ	כא	E	"{{קו""כ-אם|וְאֵֽלַמָּו֙|2=א-קרי=וְאֵֽלַמָּיו֙}}"	"{{מ:קו""כ-אם-2|וְאֵֽלַמָּו֙|ואלמו|וְאֵֽלַמָּיו֙|מקורות=א-קרי}}"	success	Mon Apr 20 2026
נביאים אחרונים	ספר יחזקאל/מ	כב	E	"{{קו""כ-אם|וְחַלּוֹנָ֤ו|2=א-קרי=וְחַלּוֹנָ֤יו}}"	"{{מ:קו""כ-אם-2|וְחַלּוֹנָ֤ו|וחלונו|וְחַלּוֹנָ֤יו|מקורות=א-קרי}}"	success	Mon Apr 20 2026
נביאים אחרונים	ספר יחזקאל/מ	כב	E	"{{קו""כ-אם|וְתִ֣ימֹרָ֔ו|2=א-קרי=וְתִ֣ימֹרָ֔יו}}"	"{{מ:קו""כ-אם-2|וְתִ֣ימֹרָ֔ו|ותימרו|וְתִ֣ימֹרָ֔יו|מקורות=א-קרי}}"	success	Mon Apr 20 2026
נביאים אחרונים	ספר יחזקאל/מ	כד	E	"{{נוסח|{{קו""כ-אם|אֵילָו֙|2=ל-קרי=אֵילָיו֙}}|2=(הערת"	"{{נוסח|{{מ:קו""כ-אם-2|אֵילָו֙|אילו|אֵילָיו֙|מקורות=ל-קרי}}|2=(הערת"	success	Mon Apr 20 2026
נביאים אחרונים	ספר יחזקאל/מ	כד	E	"{{נוסח|{{קו""כ-אם|וְאֵ֣ילַמָּ֔ו|2=ל-קרי=וְאֵ֣ילַמָּ֔יו}}|2=(הערת"	"{{נוסח|{{מ:קו""כ-אם-2|וְאֵ֣ילַמָּ֔ו|ואילמו|וְאֵ֣ילַמָּ֔יו|מקורות=ל-קרי}}|2=(הערת"	success	Mon Apr 20 2026
נביאים אחרונים	ספר יחזקאל/מ	כה	E	"{{נוסח|{{קו""כ-אם|וּלְאֵֽילַמָּו֙|2=ל-קרי=וּלְאֵֽילַמָּיו֙}}|2=(הערת"	"{{נוסח|{{מ:קו""כ-אם-2|וּלְאֵֽילַמָּו֙|ולאילמו|וּלְאֵֽילַמָּיו֙|מקורות=ל-קרי}}|2=(הערת"	success	Mon Apr 20 2026
נביאים אחרונים	ספר יחזקאל/מ	כו	E	"{{קו""כ-אם|עֹֽלוֹתָ֔ו|2=א-קרי=עֹֽלוֹתָ֔יו}}"	"{{מ:קו""כ-אם-2|עֹֽלוֹתָ֔ו|עלותו|עֹֽלוֹתָ֔יו|מקורות=א-קרי}}"	success	Mon Apr 20 2026
נביאים אחרונים	ספר יחזקאל/מ	כו	E	"{{נוסח|{{קו""כ-אם|וְאֵלַמָּ֖ו|2=ל-קרי=וְאֵלַמָּ֖יו}}|2=(הערת"	"{{נוסח|{{מ:קו""כ-אם-2|וְאֵלַמָּ֖ו|ואלמו|וְאֵלַמָּ֖יו|מקורות=ל-קרי}}|2=(הערת"	success	Mon Apr 20 2026
נביאים אחרונים	ספר יחזקאל/מ	לא	E	"{{קו""כ-אם|מַעֲלָֽו|2=א-קרי=מַעֲלָֽיו}}׃"	"{{מ:קו""כ-אם-2|מַעֲלָֽו|מעלו|מַעֲלָֽיו|מקורות=א-קרי}}׃"	success	Mon Apr 20 2026
נביאים אחרונים	ספר יחזקאל/מ	לז	E	"{{קו""כ-אם|מַעֲלָֽו|2=ל-קרי=מַעֲלָֽיו}}׃"	"{{מ:קו""כ-אם-2|מַעֲלָֽו|מעלו|מַעֲלָֽיו|מקורות=ל-קרי}}׃"	success	Mon Apr 20 2026
נביאים אחרונים	ספר יחזקאל/מג	יא	E	"וְֽכׇל־{{קו""כ-אם|צוּרֹתָ֡ו|2=א-קרי=צוּרֹתָ֡יו}}"	"וְֽכׇל־{{מ:קו""כ-אם-2|צוּרֹתָ֡ו|צורתו|צוּרֹתָ֡יו|מקורות=א-קרי}}"	success	Mon Apr 20 2026
נביאים אחרונים	ספר יחזקאל/מג	יא	E	"וְכׇל־{{קו""כ-אם|צ֨וּרֹתָ֤ו|2=א-קרי=צ֨וּרֹתָ֤יו}}"	"וְכׇל־{{מ:קו""כ-אם-2|צ֨וּרֹתָ֤ו|צורתו|צ֨וּרֹתָ֤יו|מקורות=א-קרי}}"	success	Mon Apr 20 2026
נביאים אחרונים	ספר יחזקאל/מג	יא	E	"וְכׇל־{{קו""כ-אם|תּֽוֹרֹתָו֙|2=א-קרי=תּֽוֹרֹתָיו֙}}"	"וְכׇל־{{מ:קו""כ-אם-2|תּֽוֹרֹתָו֙|תורתו|תּֽוֹרֹתָיו֙|מקורות=א-קרי}}"	success	Mon Apr 20 2026
נביאים אחרונים	ספר יחזקאל/מג	כו	E	"{{קו""כ-אם|יָדָֽו|2=א-קרי=יָדָֽיו}}׃"	"{{מ:קו""כ-אם-2|יָדָֽו|ידו|יָדָֽיו|מקורות=א-קרי}}׃"	success	Mon Apr 20 2026
נביאים אחרונים	ספר יחזקאל/מד	ה	E	"וּלְכׇל־{{קו""כ-אם|תּוֹרֹתָ֑ו|2=א-קרי=תּוֹרֹתָ֑יו}}"	"וּלְכׇל־{{מ:קו""כ-אם-2|תּוֹרֹתָ֑ו|תורתו|תּוֹרֹתָ֑יו|מקורות=א-קרי}}"	success	Mon Apr 20 2026
נביאים אחרונים	ספר יחזקאל/מז	ח	E	"{{קו""כ-אם|וְנִרְפּ֥אֿוּ|2=ל-קרי=וְנִרְפּ֥וּ}}"	"{{מ:קו""כ-אם-2|וְנִרְפּ֥אֿוּ|ונרפאו|וְנִרְפּ֥וּ|מקורות=ל-קרי}}"	success	Mon Apr 20 2026
נביאים אחרונים	ספר יחזקאל/מז	יא	E	"{{קו""כ-אם|בִּצֹּאתָ֧ו|2=א-קרי=בִּצֹּאתָ֧יו}}"	"{{מ:קו""כ-אם-2|בִּצֹּאתָ֧ו|בצאתו|בִּצֹּאתָ֧יו|מקורות=א-קרי}}"	success	Mon Apr 20 2026
נביאים אחרונים	ספר יחזקאל/מח	טו	E	"{{קו""כ-אם|בְּתוֹכֹֽה|2=א-קרי=בְּתוֹכֽוֹ}}׃"	"{{מ:קו""כ-אם-2|בְּתוֹכֹֽה|בתוכה|בְּתוֹכֽוֹ|מקורות=א-קרי}}׃"	success	Mon Apr 20 2026
נביאים אחרונים	ספר יחזקאל/מח	יח	E	"{{נוסח|{{קו""כ-אם|תְבֽוּאָתֹה֙|2=ל-קרי=תְבֽוּאָתוֹ֙}}|2=השוו"	"{{נוסח|{{מ:קו""כ-אם-2|תְבֽוּאָתֹה֙|תבואתה|תְבֽוּאָתוֹ֙|מקורות=ל-קרי}}|2=השוו"	success	Mon Apr 20 2026
נביאים אחרונים	ספר יחזקאל/מח	כא	E	"{{קו""כ-אם|בְּתוֹכֹֽה|2=ל-קרי=בְּתוֹכֽוֹ}}׃"	"{{מ:קו""כ-אם-2|בְּתוֹכֹֽה|בתוכה|בְּתוֹכֽוֹ|מקורות=ל-קרי}}׃"	success	Mon Apr 20 2026
נביאים אחרונים	ספר תרי עשר/עמוס ט	ו	E	"{{קו""כ-אם|מַעֲלוֹתָ֔ו|2=ל-קרי=מַעֲלוֹתָ֔יו}}"	"{{מ:קו""כ-אם-2|מַעֲלוֹתָ֔ו|מעלותו|מַעֲלוֹתָ֔יו|מקורות=ל-קרי}}"	success	Mon Apr 20 2026
נביאים אחרונים	ספר תרי עשר/עבדיה א	יא	E	"{{קו""כ-אם|שְׁעָרָ֗ו|2=ל-קרי=שְׁעָרָ֗יו}}"	"{{מ:קו""כ-אם-2|שְׁעָרָ֗ו|שערו|שְׁעָרָ֗יו|מקורות=ל-קרי}}"	success	Mon Apr 20 2026
נביאים אחרונים	ספר תרי עשר/חבקוק ג	יד	E	"{{קו""כ-אם|פְּרָזָ֔ו|2=א-קרי,ל-קרי=פְּרָזָ֔יו}}"	"{{מ:קו""כ-אם-2|פְּרָזָ֔ו|פרזו|פְּרָזָ֔יו|מקורות=א-קרי,ל-קרי}}"	success	Mon Apr 20 2026
"ספרי אמ""ת"	ספר תהלים/י	ה	E	"{{קו""כ-אם|דְרָכָ֨ו{{מ:לגרמיה-2}}|2=א-קרי=דְרָכָ֨יו{{מ:לגרמיה-2}}}}"	"{{מ:קו""כ-אם-2|דְרָכָ֨ו{{מ:לגרמיה-2}}|דרכו|דְרָכָ֨יו{{מ:לגרמיה-2}}|מקורות=א-קרי}}"	success	Mon Apr 20 2026
"ספרי אמ""ת"	ספר תהלים/יח	נא	E	"{{קו""כ-אם|מַגְדִּל֮|2=ל-קרי=מַגְדִּיל֮}}"	"{{מ:קו""כ-אם-2|מַגְדִּל֮|מגדל|מַגְדִּיל֮|מקורות=ל-קרי}}"	success	Mon Apr 20 2026
"ספרי אמ""ת"	ספר תהלים/נח	ח	E	"{{קו""כ-אם|חִ֝צָּ֗ו|2=א-קרי=חִ֝צָּ֗יו}}"	"{{מ:קו""כ-אם-2|חִ֝צָּ֗ו|חצו|חִ֝צָּ֗יו|מקורות=א-קרי}}"	success	Mon Apr 20 2026
"ספרי אמ""ת"	ספר תהלים/צ	ח	E	"{{נוסח|{{קו""כ-אם|שַׁתָּ֣|2=א-קרי,ל-קרי=שַׁתָּ֣ה}}|2==קורן"	"{{נוסח|{{מ:קו""כ-אם-2|שַׁתָּ֣|שת|שַׁתָּ֣ה|מקורות=א-קרי,ל-קרי}}|2==קורן"	success	Mon Apr 20 2026
"ספרי אמ""ת"	ספר תהלים/קה	מ	E	"{{קו""כ-אם|שְׂלָ֑ו|2=א-קרי=שְׂלָ֑יו}}{{ר1}}וְלֶ֥חֶם"	"{{מ:קו""כ-אם-2|שְׂלָ֑ו|שלו|שְׂלָ֑יו|מקורות=א-קרי}}{{ר1}}וְלֶ֥חֶם"	success	Mon Apr 20 2026
"ספרי אמ""ת"	ספר תהלים/קו	מה	E	"{{קו""כ-אם|חֲסָדָֽו|2=א-קרי=חֲסָדָֽיו}}׃"	"{{מ:קו""כ-אם-2|חֲסָדָֽו|חסדו|חֲסָדָֽיו|מקורות=א-קרי}}׃"	success	Mon Apr 20 2026
"ספרי אמ""ת"	ספר תהלים/קמז	יט	E	"{{קו""כ-אם|דְּבָרָ֣ו|2=א-קרי=דְּבָרָ֣יו}}"	"{{מ:קו""כ-אם-2|דְּבָרָ֣ו|דברו|דְּבָרָ֣יו|מקורות=א-קרי}}"	success	Mon Apr 20 2026
"ספרי אמ""ת"	ספר תהלים/קמח	ב	E	"כׇּל־{{קו""כ-אם|צְבָאָֽו|2=א-קרי=צְבָאָֽיו}}׃"	"כׇּל־{{מ:קו""כ-אם-2|צְבָאָֽו|צבאו|צְבָאָֽיו|מקורות=א-קרי}}׃"	success	Mon Apr 20 2026
"ספרי אמ""ת"	ספר משלי/ו	יג	E	"{{קו""כ-אם|{{מ:דחי|בְּ֭עֵינָו|בְּ֭עֵינָ֭ו}}|2=א-קרי=בְּ֭עֵינָיו}}"	"{{מ:קו""כ-אם-2|{{מ:דחי|בְּ֭עֵינָו|בְּ֭עֵינָ֭ו}}|בעינו|{{מ:דחי|בְּ֭עֵינָיו|בְּ֭עֵינָ֭יו}}|מקורות=א-קרי}}"	success	Mon Apr 20 2026
"ספרי אמ""ת"	ספר משלי/ו	יג	E	"{{קו""כ-אם|בְּרַגְלָ֑ו|2=א-קרי=בְּרַגְלָ֑יו}}{{ר1}}מֹ֝רֶ֗ה"	"{{מ:קו""כ-אם-2|בְּרַגְלָ֑ו|ברגלו|בְּרַגְלָ֑יו|מקורות=א-קרי}}{{ר1}}מֹ֝רֶ֗ה"	success	Mon Apr 20 2026
"ספרי אמ""ת"	ספר משלי/כב	כה	E	"{{קו""כ-אם|אֹרְחֹתָ֑ו|2=א-קרי=אֹרְחֹתָ֑יו}}{{ר1}}וְלָקַחְתָּ֖"	"{{מ:קו""כ-אם-2|אֹרְחֹתָ֑ו|ארחתו|אֹרְחֹתָ֑יו|מקורות=א-קרי}}{{ר1}}וְלָקַחְתָּ֖"	success	Mon Apr 20 2026
"ספרי אמ""ת"	ספר משלי/כו	כד	E	"{{קו""כ-אם|{{מ:דחי|בִּ֭שְׂפָתָו|בִּ֭שְׂפָתָ֭ו}}|2=א-קרי=בִּ֭שְׂפָתָיו}}"	"{{מ:קו""כ-אם-2|{{מ:דחי|בִּ֭שְׂפָתָו|בִּ֭שְׂפָתָ֭ו}}|בשפתו|{{מ:דחי|בִּ֭שְׂפָתָיו|בִּ֭שְׂפָתָ֭יו}}|מקורות=א-קרי}}"	success	Mon Apr 20 2026
"ספרי אמ""ת"	ספר משלי/ל	י	E	"אֶל־{{קו""כ-אם|אֲדֹנָ֑ו|2=א-קרי=אֲדֹנָ֑יו}}{{ר1}}פֶּֽן־יְקַלֶּלְךָ֥"	"אֶל־{{מ:קו""כ-אם-2|אֲדֹנָ֑ו|אדנו|אֲדֹנָ֑יו|מקורות=א-קרי}}{{ר1}}פֶּֽן־יְקַלֶּלְךָ֥"	success	Mon Apr 20 2026
"ספרי אמ""ת"	ספר איוב/ה	יח	E	"{{קו""כ-אם|וְיָדָ֥ו|2=א-קרי=וְיָדָ֥יו}}"	"{{מ:קו""כ-אם-2|וְיָדָ֥ו|וידו|וְיָדָ֥יו|מקורות=א-קרי}}"	success	Mon Apr 20 2026
"ספרי אמ""ת"	ספר איוב/כ	יא	E	"{{קו""כ-אם|עֲלוּמָ֑ו|2=א-קרי=עֲלוּמָ֑יו}}{{ר1}}וְ֝עִמּ֗וֹ"	"{{מ:קו""כ-אם-2|עֲלוּמָ֑ו|עלומו|עֲלוּמָ֑יו|מקורות=א-קרי}}{{ר1}}וְ֝עִמּ֗וֹ"	success	Mon Apr 20 2026
"ספרי אמ""ת"	ספר איוב/כא	כ	E	"{{קו""כ-אם|עֵינָ֣ו|2=א-קרי=עֵינָ֣יו}}"	"{{מ:קו""כ-אם-2|עֵינָ֣ו|עינו|עֵינָ֣יו|מקורות=א-קרי}}"	success	Mon Apr 20 2026
"ספרי אמ""ת"	ספר איוב/כד	א	E	"עִתִּ֑ים{{ר1}}{{קו""כ-אם|וְ֝יֹדְעָ֗ו|2=א-קרי=וְ֝יֹדְעָ֗יו}}"	"עִתִּ֑ים{{ר1}}{{מ:קו""כ-אם-2|וְ֝יֹדְעָ֗ו|וידעו|וְ֝יֹדְעָ֗יו|מקורות=א-קרי}}"	success	Mon Apr 20 2026
"ספרי אמ""ת"	ספר איוב/כו	יד	E	"{{קו""כ-אם|גְּ֝בוּרֹתָ֗ו|2=א-קרי=גְּ֝בוּרֹתָ֗יו}}{{ר0}}מִ֣י"	"{{מ:קו""כ-אם-2|גְּ֝בוּרֹתָ֗ו|גבורתו|גְּ֝בוּרֹתָ֗יו|מקורות=א-קרי}}{{ר0}}מִ֣י"	success	Mon Apr 20 2026
"ספרי אמ""ת"	ספר איוב/כז	טו	E	"{{קו""כ-אם|{{מ:דחי|שְׂ֭רִידָו|שְׂ֭רִידָ֭ו}}|2=א-קרי=שְׂ֭רִידָיו}}"	"{{מ:קו""כ-אם-2|{{מ:דחי|שְׂ֭רִידָו|שְׂ֭רִידָ֭ו}}|שרידו|{{מ:דחי|שְׂ֭רִידָיו|שְׂ֭רִידָ֭יו}}|מקורות=א-קרי}}"	success	Mon Apr 20 2026
"ספרי אמ""ת"	ספר איוב/לא	כ	E	"{{קו""כ-אם|חֲלָצָ֑ו|2=א-קרי=חֲלָצָ֑יו}}{{ר1}}וּמִגֵּ֥ז"	"{{מ:קו""כ-אם-2|חֲלָצָ֑ו|חלצו|חֲלָצָ֑יו|מקורות=א-קרי}}{{ר1}}וּמִגֵּ֥ז"	success	Mon Apr 20 2026
"ספרי אמ""ת"	ספר איוב/לז	יב	E	"{{קו""כ-אם|בְּתַחְבּוּלֹתָ֣ו|2=א-קרי=בְּתַחְבּוּלֹתָ֣יו}}"	"{{מ:קו""כ-אם-2|בְּתַחְבּוּלֹתָ֣ו|בתחבולתו|בְּתַחְבּוּלֹתָ֣יו|מקורות=א-קרי}}"	success	Mon Apr 20 2026
"ספרי אמ""ת"	ספר איוב/לח	מא	E	"לָעֹרֵ֗ב{{ר0}}צֵ֫יד֥וֹ{{ר1}}כִּֽי־{{קו""כ-אם|{{מ:דחי|יְ֭לָדָו|יְ֭לָדָ֭ו}}|2=א-קרי=יְ֭לָדָיו}}"	"לָעֹרֵ֗ב{{ר0}}צֵ֫יד֥וֹ{{ר1}}כִּֽי־{{מ:קו""כ-אם-2|{{מ:דחי|יְ֭לָדָו|יְ֭לָדָ֭ו}}|ילדו|{{מ:דחי|יְ֭לָדָיו|יְ֭לָדָ֭יו}}|מקורות=א-קרי}}"	success	Mon Apr 20 2026
"ספרי אמ""ת"	ספר איוב/לט	כו	E	"{{קו""כ-אם|כְּנָפָ֣ו|2=א-קרי=כְּנָפָ֣יו}}"	"{{מ:קו""כ-אם-2|כְּנָפָ֣ו|כנפו|כְּנָפָ֣יו|מקורות=א-קרי}}"	success	Mon Apr 20 2026
"ספרי אמ""ת"	ספר איוב/מ	יז	E	"{{קו""כ-אם|פַחֲדָ֣ו|2=א-קרי=פַחֲדָ֣יו}}"	"{{מ:קו""כ-אם-2|פַחֲדָ֣ו|פחדו|פַחֲדָ֣יו|מקורות=א-קרי}}"	success	Mon Apr 20 2026
חמש מגילות	מגילת רות/ג	יד	E	"{{נוסח|{{קו""כ-אם|מַרְגְּלוֹתָו֙|2=א-קרי=מַרְגְּלוֹתָיו֙}}|2==א,ק-מ"	"{{נוסח|{{מ:קו""כ-אם-2|מַרְגְּלוֹתָו֙|מרגלותו|מַרְגְּלוֹתָיו֙|מקורות=א-קרי}}|2==א,ק-מ"	success	Mon Apr 20 2026
חמש מגילות	מגילת איכה/ג	לט	E	"עַל־{{קו""כ-אם|חֲטָאָֽו|2=ל-קרי=חֲטָאָֽיו}}׃"	"עַל־{{מ:קו""כ-אם-2|חֲטָאָֽו|חטאו|חֲטָאָֽיו|מקורות=ל-קרי}}׃"	success	Mon Apr 20 2026
חמש מגילות	מגילת קהלת/ה	יז	E	"יְמֵי־{{קו""כ-אם|חַיָּ֛ו|2=ל-קרי=חַיָּ֛יו}}"	"יְמֵי־{{מ:קו""כ-אם-2|חַיָּ֛ו|חיו|חַיָּ֛יו|מקורות=ל-קרי}}"	success	Mon Apr 20 2026
חמש מגילות	מגילת קהלת/י	י	E	"{{נוסח|{{קו""כ-אם|הַכְשֵׁ֖יר|2=קרי=הַכְשֵׁ֖ר)}}|2=בכתי״ל"	"{{נוסח|{{מ:קו""כ-אם-2|הַכְשֵׁ֖יר|הכשיר|הַכְשֵׁ֖ר)}}|2=בכתי״ל"	success	Mon Apr 20 2026
כתובים אחרונים	ספר דניאל/א	ד	E	"כׇּל־{{נוסח|{{קו""כ-אם|מאֿוּם֩|2=ל-קרי,ק13-קרי=מוּם֩}}|2==פטרבורג-EVR-II-B-55,ש2"	"כׇּל־{{נוסח|{{מ:קו""כ-אם-2|מאֿוּם֩|מאום|מוּם֩|מקורות=ל-קרי,ק13-קרי}}|2==פטרבורג-EVR-II-B-55,ש2"	success	Mon Apr 20 2026
כתובים אחרונים	ספר דניאל/ד	טז	E	"{{קו""כ-אם|מָרִ֕אי|2=ל-קרי=מָרִ֕י}}"	"{{מ:קו""כ-אם-2|מָרִ֕אי|מראי|מָרִ֕י|מקורות=ל-קרי}}"	success	Mon Apr 20 2026
כתובים אחרונים	ספר דניאל/ד	כא	E	"{{נוסח|עַל־{{קו""כ-אם|מָרִ֥אי|2=ל-קרי=מָרִ֥י}}|2==ל"	"{{נוסח|עַל־{{מ:קו""כ-אם-2|מָרִ֥אי|מראי|מָרִ֥י|מקורות=ל-קרי}}|2==ל"	success	Mon Apr 20 2026
כתובים אחרונים	ספר דניאל/יא	י	E	"{{קו""כ-אם|וּבָנָ֣ו|2=ל-קרי=וּבָנָ֣יו}}"	"{{מ:קו""כ-אם-2|וּבָנָ֣ו|ובנו|וּבָנָ֣יו|מקורות=ל-קרי}}"	success	Mon Apr 20 2026
כתובים אחרונים	ספר דניאל/יא	י	E	"עַד־{{קו""כ-אם|מָעֻזֹּֽה|2=ל-קרי=מָעֻזּֽוֹ}}׃"	"עַד־{{מ:קו""כ-אם-2|מָעֻזֹּֽה|מעזה|מָעֻזּֽוֹ|מקורות=ל-קרי}}׃"	success	Mon Apr 20 2026
כתובים אחרונים	ספר עזרא/עזרא ה	א	E	"{{קו""כ-אם|נְבִיַּאיָּ֔א|2=ל-קרי=נְבִיַּיָּ֔א}}"	"{{מ:קו""כ-אם-2|נְבִיַּאיָּ֔א|נביאיא|נְבִיַּיָּ֔א|מקורות=ל-קרי}}"	success	Mon Apr 20 2026
כתובים אחרונים	ספר עזרא/עזרא ה	ב	E	"{{קו""כ-אם|נְבִיַּאיָּ֥א|2=ל-קרי=נְבִיַּיָּ֥א}}"	"{{מ:קו""כ-אם-2|נְבִיַּאיָּ֥א|נביאיא|נְבִיַּיָּ֥א|מקורות=ל-קרי}}"	success	Mon Apr 20 2026
כתובים אחרונים	ספר עזרא/נחמיה א	א	E	"בְחֹֽדֶשׁ־{{קו""כ-אם|כִּסְלֵו֙|2=ל-קרי=כִּסְלֵיו֙}}"	"בְחֹֽדֶשׁ־{{מ:קו""כ-אם-2|כִּסְלֵו֙|כסלו|כִּסְלֵיו֙|מקורות=ל-קרי}}"	success	Mon Apr 20 2026
חמש מגילות	מגילת קהלת/י	י	E	"{{נוסח|{{מ:קו""כ-אם-2|הַכְשֵׁ֖יר|הכשיר|הַכְשֵׁ֖ר)}}|2=בכתי״ל"	"{{נוסח|{{מ:קו""כ-אם-2|הַכְשֵׁ֖יר|הכשיר|הַכְשֵׁ֖ר}}|2=בכתי״ל"	success	Tue Apr 21 2026
תורה	ספר שמות/כב	ד	E	"אֶת־{{מ:קו""כ-אם-2|בְּעִירֹ֔ה|בעירה|בְּעִירֹ֔ו|מקורות=ל-קרי}}"	"אֶת־{{מ:קו""כ-אם-2|בְּעִירֹ֔ה|בעירה|בְּעִיר֔וֹ|מקורות=ל-קרי}}"	success	Wed Apr 22 2026
תורה	ספר בראשית/יג	ג	E	"{{נוסח|{{מ:קו""כ-אם-2|{{מ:קמץ|ד=אׇֽהֳלֹה֙|ס=אָֽהֳלֹה֙}}|אהלה|{{מ:קמץ|ד=אׇֽהֳלֹוֹ֙|ס=אָֽהֳלֹוֹ֙}}|מקורות=ל-קרי}}|2=ל-כתיב=אֽ͏ָהֳלה֙"	"{{נוסח|{{מ:קו""כ-אם-2|{{מ:קמץ|ד=אׇֽהֳלֹה֙|ס=אָֽהֳלֹה֙}}|אהלה|{{מ:קמץ|ד=אׇֽהֳלֹוֹ֙|ס=אָֽהֳלֹוֹ֙}}|מקורות=ל-קרי|סוג=כתיב ה""א בסיומת של חולם}}|2=ל-כתיב=אֽ͏ָהֳלה֙"	success	Sun Apr 26 2026
תורה	ספר בראשית/מט	י	E	"{{מ:קו""כ-אם-2|שִׁילֹ֔ה|שילה|שִׁיל֔וֹ|מקורות=ל-קרי}}"	"{{מ:קו""כ-אם-2|שִׁילֹ֔ה|שילה|שִׁיל֔וֹ|מקורות=ל-קרי|סוג=כתיב ה""א בסיומת של חולם}}"	success	Sun Apr 26 2026
תורה	ספר בראשית/מט	יא	E	"{{מ:קו""כ-אם-2|עִירֹ֔ה|עירה|עִיר֔וֹ|מקורות=ל-קרי}}"	"{{מ:קו""כ-אם-2|עִירֹ֔ה|עירה|עִיר֔וֹ|מקורות=ל-קרי|סוג=כתיב ה""א בסיומת של חולם}}"	success	Sun Apr 26 2026
תורה	ספר בראשית/מט	יא	E	"{{מ:קו""כ-אם-2|סוּתֹֽה|סותה|סוּתֽוֹ|מקורות=ל-קרי}}׃"	"{{מ:קו""כ-אם-2|סוּתֹֽה|סותה|סוּתֽוֹ|מקורות=ל-קרי|סוג=כתיב ה""א בסיומת של חולם}}׃"	success	Sun Apr 26 2026
תורה	ספר שמות/כב	ד	E	"אֶת־{{מ:קו""כ-אם-2|בְּעִירֹ֔ה|בעירה|בְּעִיר֔וֹ|מקורות=ל-קרי}}"	"אֶת־{{מ:קו""כ-אם-2|בְּעִירֹ֔ה|בעירה|בְּעִיר֔וֹ|מקורות=ל-קרי|סוג=כתיב ה""א בסיומת של חולם}}"	success	Sun Apr 26 2026
תורה	ספר שמות/כב	כו	E	"{{מ:קו""כ-אם-2|כְסוּתֹה֙|כסותה|כְסוּתוֹ֙|מקורות=ל-קרי}}"	"{{מ:קו""כ-אם-2|כְסוּתֹה֙|כסותה|כְסוּתוֹ֙|מקורות=ל-קרי|סוג=כתיב ה""א בסיומת של חולם}}"	success	Sun Apr 26 2026
תורה	ספר שמות/כז	יא	E	"{{מ:קו""כ-אם-2|וְעַמֻּדָ֣ו|ועמדו|וְעַמֻּדָ֣יו|מקורות=ל-קרי}}"	"{{מ:קו""כ-אם-2|וְעַמֻּדָ֣ו|ועמדו|וְעַמֻּדָ֣יו|מקורות=ל-קרי|סוג=כתיב חסר יו""ד בסיומת של קמץ ואחריו וי""ו}}"	success	Sun Apr 26 2026
תורה	ספר שמות/כח	כח	E	"{{מ:קו""כ-אם-2|מִֽטַּבְּעֹתָ֞ו|מטבעתו|מִטַּבְּעֹתָ֞יו|מקורות=ל-קרי}}"	"{{מ:קו""כ-אם-2|מִֽטַּבְּעֹתָ֞ו|מטבעתו|מִטַּבְּעֹתָ֞יו|מקורות=ל-קרי|סוג=כתיב חסר יו""ד בסיומת של קמץ ואחריו וי""ו}}"	success	Sun Apr 26 2026
תורה	ספר שמות/לב	יט	E	"{{מ:קו""כ-אם-2|מִיָּדָו֙|מידו|מִיָּדָיו֙|מקורות=ל-קרי}}"	"{{מ:קו""כ-אם-2|מִיָּדָו֙|מידו|מִיָּדָיו֙|מקורות=ל-קרי|סוג=כתיב חסר יו""ד בסיומת של קמץ ואחריו וי""ו}}"	success	Sun Apr 26 2026
תורה	ספר שמות/לט	לג	E	"{{מ:קו""כ-אם-2|בְּרִיחָ֖ו|בריחו|בְּרִיחָ֖יו|מקורות=ל-קרי}}"	"{{מ:קו""כ-אם-2|בְּרִיחָ֖ו|בריחו|בְּרִיחָ֖יו|מקורות=ל-קרי|סוג=כתיב חסר יו""ד בסיומת של קמץ ואחריו וי""ו}}"	success	Sun Apr 26 2026
תורה	ספר ויקרא/ט	כב	E	"אֶת־{{מ:קו""כ-אם-2|יָדָ֛ו|ידו|יָדָ֛יו|מקורות=ל-קרי}}"	"אֶת־{{מ:קו""כ-אם-2|יָדָ֛ו|ידו|יָדָ֛יו|מקורות=ל-קרי|סוג=כתיב חסר יו""ד בסיומת של קמץ ואחריו וי""ו}}"	success	Sun Apr 26 2026
תורה	ספר ויקרא/טז	כא	E	"{{מ:קו""כ-אם-2|יָדָ֗ו|ידו|יָדָ֗יו|מקורות=ל-קרי}}"	"{{מ:קו""כ-אם-2|יָדָ֗ו|ידו|יָדָ֗יו|מקורות=ל-קרי|סוג=כתיב חסר יו""ד בסיומת של קמץ ואחריו וי""ו}}"	success	Sun Apr 26 2026
תורה	ספר במדבר/יב	ג	E	"{{מ:קו""כ-אם-2|עָנָ֣ו|ענו|עָנָ֣יו|מקורות=ל-קרי}}"	"{{מ:קו""כ-אם-2|עָנָ֣ו|ענו|עָנָ֣יו|מקורות=ל-קרי|סוג=כתיב חסר יו""ד בסיומת של קמץ ואחריו וי""ו}}"	success	Sun Apr 26 2026
תורה	ספר דברים/ב	לג	E	"וְאֶת־{{מ:קו""כ-אם-2|בָּנָ֖ו|בנו|בָּנָ֖יו|מקורות=ל-קרי}}"	"וְאֶת־{{מ:קו""כ-אם-2|בָּנָ֖ו|בנו|בָּנָ֖יו|מקורות=ל-קרי|סוג=כתיב חסר יו""ד בסיומת של קמץ ואחריו וי""ו}}"	success	Sun Apr 26 2026
תורה	ספר דברים/ז	ט	E	"{{מ:קו""כ-אם-2|מִצְוֺתָ֖ו|מצותו|מִצְוֺתָ֖יו|מקורות=ל-קרי}}"	"{{מ:קו""כ-אם-2|מִצְוֺתָ֖ו|מצותו|מִצְוֺתָ֖יו|מקורות=ל-קרי|סוג=כתיב חסר יו""ד בסיומת של קמץ ואחריו וי""ו}}"	success	Sun Apr 26 2026
תורה	ספר דברים/ח	ב	E	"{{מ:קו""כ-אם-2|מִצְוֺתָ֖ו|מצותו|מִצְוֺתָ֖יו|מקורות=ל-קרי}}"	"{{מ:קו""כ-אם-2|מִצְוֺתָ֖ו|מצותו|מִצְוֺתָ֖יו|מקורות=ל-קרי|סוג=כתיב חסר יו""ד בסיומת של קמץ ואחריו וי""ו}}"	success	Sun Apr 26 2026
תורה	ספר דברים/יג	טז	E	"{{נוסח|{{מ:קו""כ-אם-2|הַהִ֖וא|ההוא|הַהִ֖יא|מקורות=ל-קרי}}|2=בכתי״ל"	"{{נוסח|{{מ:קו""כ-אם-2|הַהִ֖וא|ההוא|הַהִ֖יא|מקורות=ל-קרי|סוג=כתיב הוא קרי היא}}|2=בכתי״ל"	success	Sun Apr 26 2026
תורה	ספר דברים/כב	טו	E	"{{מ:קו""כ-אם-2|הַֽנַּעֲרָ֖|הנער|הַֽנַּעֲרָ֖ה|מקורות=ל-קרי}}"	"{{מ:קו""כ-אם-2|הַֽנַּעֲרָ֖|הנער|הַֽנַּעֲרָ֖ה|מקורות=ל-קרי|סוג=כתיב נער קרי נערה}}"	success	Sun Apr 26 2026
תורה	ספר דברים/כב	טו	E	"{{מ:קו""כ-אם-2|הַֽנַּעֲרָ֛|הנער|הַֽנַּעֲרָ֛ה|מקורות=ל-קרי}}"	"{{מ:קו""כ-אם-2|הַֽנַּעֲרָ֛|הנער|הַֽנַּעֲרָ֛ה|מקורות=ל-קרי|סוג=כתיב נער קרי נערה}}"	success	Sun Apr 26 2026
תורה	ספר דברים/כב	טז	E	"{{נוסח|{{מ:קו""כ-אם-2|הַֽנַּעֲרָ֖|הנער|הַֽנַּעֲרָ֖ה|מקורות=ל1-קרי,ק3-קרי}}|2==ל1,ש,ש1,ק3,ו,ל3,ל9"	"{{נוסח|{{מ:קו""כ-אם-2|הַֽנַּעֲרָ֖|הנער|הַֽנַּעֲרָ֖ה|מקורות=ל1-קרי,ק3-קרי|סוג=כתיב נער קרי נערה}}|2==ל1,ש,ש1,ק3,ו,ל3,ל9"	success	Sun Apr 26 2026
תורה	ספר דברים/כב	כ	E	"{{מ:קו""כ-אם-2|לַֽנַּעֲרָֽ|לנער|לַֽנַּעֲרָֽה|מקורות=ל-קרי}}׃"	"{{מ:קו""כ-אם-2|לַֽנַּעֲרָֽ|לנער|לַֽנַּעֲרָֽה|מקורות=ל-קרי|סוג=כתיב נער קרי נערה}}׃"	success	Sun Apr 26 2026
תורה	ספר דברים/כב	כא	E	"אֶת־{{מ:קו""כ-אם-2|הַֽנַּעֲרָ֜|הנער|הַֽנַּעֲרָ֜ה|מקורות=ל-קרי}}"	"אֶת־{{מ:קו""כ-אם-2|הַֽנַּעֲרָ֜|הנער|הַֽנַּעֲרָ֜ה|מקורות=ל-קרי|סוג=כתיב נער קרי נערה}}"	success	Sun Apr 26 2026
תורה	ספר דברים/כב	כג	E	"{{מ:קו""כ-אם-2|נַעֲרָ֣|נער|נַעֲרָ֣ה|מקורות=ל-קרי}}"	"{{מ:קו""כ-אם-2|נַעֲרָ֣|נער|נַעֲרָ֣ה|מקורות=ל-קרי|סוג=כתיב נער קרי נערה}}"	success	Sun Apr 26 2026
תורה	ספר דברים/כב	כד	E	"אֶת־{{מ:קו""כ-אם-2|הַֽנַּעֲרָ֗|הנער|הַֽנַּעֲרָ֗ה|מקורות=ל-קרי}}"	"אֶת־{{מ:קו""כ-אם-2|הַֽנַּעֲרָ֗|הנער|הַֽנַּעֲרָ֗ה|מקורות=ל-קרי|סוג=כתיב נער קרי נערה}}"	success	Sun Apr 26 2026
תורה	ספר דברים/כב	כה	E	"אֶת־{{מ:קו""כ-אם-2|הַֽנַּעֲרָ֙|הנער|הַֽנַּעֲרָה֙|מקורות=ל-קרי}}"	"אֶת־{{מ:קו""כ-אם-2|הַֽנַּעֲרָ֙|הנער|הַֽנַּעֲרָה֙|מקורות=ל-קרי|סוג=כתיב נער קרי נערה}}"	success	Sun Apr 26 2026
תורה	ספר דברים/כב	כו	E	"{{מ:קו""כ-אם-2|וְלַֽנַּעֲרָ֙|ולנער|וְלַֽנַּעֲרָה֙|מקורות=ל-קרי}}"	"{{מ:קו""כ-אם-2|וְלַֽנַּעֲרָ֙|ולנער|וְלַֽנַּעֲרָה֙|מקורות=ל-קרי|סוג=כתיב נער קרי נערה}}"	success	Sun Apr 26 2026
תורה	ספר דברים/כב	כו	E	"{{מ:קו""כ-אם-2|לַֽנַּעֲרָ֖|לנער|לַֽנַּעֲרָ֖ה|מקורות=ל-קרי}}"	"{{מ:קו""כ-אם-2|לַֽנַּעֲרָ֖|לנער|לַֽנַּעֲרָ֖ה|מקורות=ל-קרי|סוג=כתיב נער קרי נערה}}"	success	Sun Apr 26 2026
תורה	ספר דברים/כב	כז	E	"{{מ:קו""כ-אם-2|הַֽנַּעֲרָ֙|הנער|הַֽנַּעֲרָה֙|מקורות=ל-קרי}}"	"{{מ:קו""כ-אם-2|הַֽנַּעֲרָ֙|הנער|הַֽנַּעֲרָה֙|מקורות=ל-קרי|סוג=כתיב נער קרי נערה}}"	success	Sun Apr 26 2026
תורה	ספר דברים/כב	כח	E	"{{מ:קו""כ-אם-2|נַעֲרָ֤|נער|נַעֲרָ֤ה|מקורות=ל-קרי}}"	"{{מ:קו""כ-אם-2|נַעֲרָ֤|נער|נַעֲרָ֤ה|מקורות=ל-קרי|סוג=כתיב נער קרי נערה}}"	success	Sun Apr 26 2026
תורה	ספר דברים/כב	כט	E	"{{מ:קו""כ-אם-2|הַֽנַּעֲרָ֖|הנער|הַֽנַּעֲרָ֖ה|מקורות=ל-קרי}}"	"{{מ:קו""כ-אם-2|הַֽנַּעֲרָ֖|הנער|הַֽנַּעֲרָ֖ה|מקורות=ל-קרי|סוג=כתיב נער קרי נערה}}"	success	Sun Apr 26 2026
תורה	ספר דברים/לג	ט	E	"וְאֶת־{{מ:קו""כ-אם-2|בָּנָ֖ו|בנו|בָּנָ֖יו|מקורות=א-קרי,ל-קרי}}"	"וְאֶת־{{מ:קו""כ-אם-2|בָּנָ֖ו|בנו|בָּנָ֖יו|מקורות=א-קרי,ל-קרי|סוג=כתיב חסר יו""ד בסיומת של קמץ ואחריו וי""ו}}"	success	Sun Apr 26 2026
נביאים ראשונים	ספר יהושע/ח	יא	E	"{{מ:קו""כ-אם-2|בֵּינָ֥ו|בינו|בֵּינָ֥יו|מקורות=א-קרי}}"	"{{מ:קו""כ-אם-2|בֵּינָ֥ו|בינו|בֵּינָ֥יו|מקורות=א-קרי|סוג=כתיב חסר יו""ד בסיומת של קמץ ואחריו וי""ו}}"	success	Sun Apr 26 2026
נביאים ראשונים	ספר יהושע/טז	ג	E	"{{מ:קו""כ-אם-2|תֹצְאֹתָ֖ו|תצאתו|תֹצְאֹתָ֖יו|מקורות=א-קרי}}"	"{{מ:קו""כ-אם-2|תֹצְאֹתָ֖ו|תצאתו|תֹצְאֹתָ֖יו|מקורות=א-קרי|סוג=כתיב חסר יו""ד בסיומת של קמץ ואחריו וי""ו}}"	success	Sun Apr 26 2026
נביאים ראשונים	"ספר שמואל/שמ""א ב"	י	E	"{{מ:קו""כ-אם-2|מְרִיבָ֗ו|מריבו|מְרִיבָ֗יו|מקורות=א-קרי}}"	"{{מ:קו""כ-אם-2|מְרִיבָ֗ו|מריבו|מְרִיבָ֗יו|מקורות=א-קרי|סוג=כתיב"	success	Sun Apr 26 2026
נביאים ראשונים	"ספר שמואל/שמ""א ב"	י	E	"{{מ:קו""כ-אם-2|עָלָו֙|עלו|עָלָיו֙|מקורות=א-קרי}}"	"חסר יו""ד בסיומת של קמץ ואחריו וי""ו}} {{מ:קו""כ-אם-2|עָלָו֙|עלו|עָלָיו֙|מקורות=א-קרי|סוג=כתיב חסר יו""ד בסיומת של קמץ ואחריו וי""ו}}"	success	Sun Apr 26 2026
נביאים ראשונים	"ספר שמואל/שמ""א ג"	ב	E	"{{מ:קו""כ-אם-2|וְעֵינָו֙|ועינו|וְעֵינָיו֙|מקורות=א-קרי}}"	"{{מ:קו""כ-אם-2|וְעֵינָו֙|ועינו|וְעֵינָיו֙|מקורות=א-קרי|סוג=כתיב חסר יו""ד בסיומת של קמץ ואחריו וי""ו}}"	success	Sun Apr 26 2026
נביאים ראשונים	"ספר שמואל/שמ""א ג"	יח	E	"{{מ:קו""כ-אם-2|בְּעֵינָ֖ו|בעינו|בְּעֵינָ֖יו|מקורות=א-קרי}}"	"{{מ:קו""כ-אם-2|בְּעֵינָ֖ו|בעינו|בְּעֵינָ֖יו|מקורות=א-קרי|סוג=כתיב חסר יו""ד בסיומת של קמץ ואחריו וי""ו}}"	success	Sun Apr 26 2026
נביאים ראשונים	"ספר שמואל/שמ""א י"	כא	E	"{{מ:קו""כ-אם-2|לְמִשְׁפְּחֹתָ֔ו|למשפחתו|לְמִשְׁפְּחֹתָ֔יו|מקורות=א-קרי}}"	"{{מ:קו""כ-אם-2|לְמִשְׁפְּחֹתָ֔ו|למשפחתו|לְמִשְׁפְּחֹתָ֔יו|מקורות=א-קרי|סוג=כתיב חסר יו""ד בסיומת של קמץ ואחריו וי""ו}}"	success	Sun Apr 26 2026
נביאים ראשונים	"ספר שמואל/שמ""א יח"	ז	E	"{{מ:קו""כ-אם-2|בַּאֲלָפָ֔ו|באלפו|בַּאֲלָפָ֔יו|מקורות=א-קרי}}"	"{{מ:קו""כ-אם-2|בַּאֲלָפָ֔ו|באלפו|בַּאֲלָפָ֔יו|מקורות=א-קרי|סוג=כתיב חסר יו""ד בסיומת של קמץ ואחריו וי""ו}}"	success	Sun Apr 26 2026
נביאים ראשונים	"ספר שמואל/שמ""א יח"	יד	E	"לְכׇל־{{מ:קו""כ-אם-2|דְּרָכָ֖ו|דרכו|דְּרָכָ֖יו|מקורות=א-קרי}}"	"לְכׇל־{{מ:קו""כ-אם-2|דְּרָכָ֖ו|דרכו|דְּרָכָ֖יו|מקורות=א-קרי|סוג=כתיב חסר יו""ד בסיומת של קמץ ואחריו וי""ו}}"	success	Sun Apr 26 2026
נביאים ראשונים	"ספר שמואל/שמ""א כא"	יב	E	"{{מ:קו""כ-אם-2|בַּאֲלָפָ֔ו|באלפו|בַּאֲלָפָ֔יו|מקורות=א-קרי}}"	"{{מ:קו""כ-אם-2|בַּאֲלָפָ֔ו|באלפו|בַּאֲלָפָ֔יו|מקורות=א-קרי|סוג=כתיב חסר יו""ד בסיומת של קמץ ואחריו וי""ו}}"	success	Sun Apr 26 2026
נביאים ראשונים	"ספר שמואל/שמ""א כא"	יב	E	"{{מ:קו""כ-אם-2|בְּרִבְבֹתָֽו|ברבבתו|בְּרִבְבֹתָֽיו|מקורות=א-קרי}}׃"	"{{מ:קו""כ-אם-2|בְּרִבְבֹתָֽו|ברבבתו|בְּרִבְבֹתָֽיו|מקורות=א-קרי|סוג=כתיב חסר יו""ד בסיומת של קמץ ואחריו וי""ו}}׃"	success	Sun Apr 26 2026
נביאים ראשונים	"ספר שמואל/שמ""א כג"	ה	E	"{{מ:קו""כ-אם-2|וַאֲנָשָׁ֨ו|ואנשו|וַאֲנָשָׁ֨יו|מקורות=א-קרי}}"	"{{מ:קו""כ-אם-2|וַאֲנָשָׁ֨ו|ואנשו|וַאֲנָשָׁ֨יו|מקורות=א-קרי|סוג=כתיב חסר יו""ד בסיומת של קמץ ואחריו וי""ו}}"	success	Sun Apr 26 2026
נביאים ראשונים	"ספר שמואל/שמ""א כו"	ה	E	"{{מ:קו""כ-אם-2|סְבִיבֹתָֽו|סביבתו|סְבִיבֹתָֽיו|מקורות=א-קרי}}׃"	"{{מ:קו""כ-אם-2|סְבִיבֹתָֽו|סביבתו|סְבִיבֹתָֽיו|מקורות=א-קרי|סוג=כתיב חסר יו""ד בסיומת של קמץ ואחריו וי""ו}}׃"	success	Sun Apr 26 2026
נביאים ראשונים	"ספר שמואל/שמ""א כו"	ז	E	"{{מ:קו""כ-אם-2|מְרַֽאֲשֹׁתָ֑ו|מראשתו|מְרַֽאֲשֹׁתָ֑יו|מקורות=א-קרי}}"	"{{מ:קו""כ-אם-2|מְרַֽאֲשֹׁתָ֑ו|מראשתו|מְרַֽאֲשֹׁתָ֑יו|מקורות=א-קרי|סוג=כתיב חסר יו""ד בסיומת של קמץ ואחריו וי""ו}}"	success	Sun Apr 26 2026
נביאים ראשונים	"ספר שמואל/שמ""א כו"	ז	E	"{{מ:קו""כ-אם-2|סְבִיבֹתָֽו|סביבתו|סְבִיבֹתָֽיו|מקורות=א-קרי}}׃"	"{{מ:קו""כ-אם-2|סְבִיבֹתָֽו|סביבתו|סְבִיבֹתָֽיו|מקורות=א-קרי|סוג=כתיב חסר יו""ד בסיומת של קמץ ואחריו וי""ו}}׃"	success	Sun Apr 26 2026
נביאים ראשונים	"ספר שמואל/שמ""א כו"	יא	E	"{{מ:קו""כ-אם-2|מְרַאֲשֹׁתָ֛ו|מראשתו|מְרַאֲשֹׁתָ֛יו|מקורות=א-קרי}}"	"{{מ:קו""כ-אם-2|מְרַאֲשֹׁתָ֛ו|מראשתו|מְרַאֲשֹׁתָ֛יו|מקורות=א-קרי|סוג=כתיב חסר יו""ד בסיומת של קמץ ואחריו וי""ו}}"	success	Sun Apr 26 2026
נביאים ראשונים	"ספר שמואל/שמ""א כו"	טז	E	"{{מ:קו""כ-אם-2|מְרַאֲשֹׁתָֽו|מראשתו|מְרַאֲשֹׁתָֽיו|מקורות=א-קרי}}׃"	"{{מ:קו""כ-אם-2|מְרַאֲשֹׁתָֽו|מראשתו|מְרַאֲשֹׁתָֽיו|מקורות=א-קרי|סוג=כתיב חסר יו""ד בסיומת של קמץ ואחריו וי""ו}}׃"	success	Sun Apr 26 2026
נביאים ראשונים	"ספר שמואל/שמ""א כט"	ה	E	"{{מ:קו""כ-אם-2|בְּרִבְבֹתָֽו|ברבבתו|בְּרִבְבֹתָֽיו|מקורות=א-קרי}}׃"	"{{מ:קו""כ-אם-2|בְּרִבְבֹתָֽו|ברבבתו|בְּרִבְבֹתָֽיו|מקורות=א-קרי|סוג=כתיב חסר יו""ד בסיומת של קמץ ואחריו וי""ו}}׃"	success	Sun Apr 26 2026
נביאים ראשונים	"ספר שמואל/שמ""ב ב"	כג	E	"{{מ:קו""כ-אם-2|תַּחְתָּ֑ו|תחתו|תַּחְתָּ֑יו|מקורות=א-קרי}}"	"{{מ:קו""כ-אם-2|תַּחְתָּ֑ו|תחתו|תַּחְתָּ֑יו|מקורות=א-קרי|סוג=כתיב חסר יו""ד בסיומת של קמץ ואחריו וי""ו}}"	success	Sun Apr 26 2026
נביאים ראשונים	"ספר שמואל/שמ""ב יא"	כד	E	"{{מ:קו""כ-אם-2|וַיֹּר֨אֿוּ|ויראו|וַיֹּר֨וּ|מקורות=ל-קרי}}"	"{{מ:קו""כ-אם-2|וַיֹּר֨אֿוּ|ויראו|וַיֹּר֨וּ|מקורות=ל-קרי|סוג=אל""ף"	success	Sun Apr 26 2026
נביאים ראשונים	"ספר שמואל/שמ""ב יא"	כד	E	"{{מ:קו""כ-אם-2|הַמּוֹרִ֤אֿים|המוראים|הַמּוֹרִ֤ים|מקורות=ל-קרי}}"	"מיותרת}} {{מ:קו""כ-אם-2|הַמּוֹרִ֤אֿים|המוראים|הַמּוֹרִ֤ים|מקורות=ל-קרי|סוג=אל""ף מיותרת}}"	success	Sun Apr 26 2026
נביאים ראשונים	"ספר שמואל/שמ""ב יב"	כ	E	"{{מ:קו""כ-אם-2|שִׂמְלֹתָ֔ו|שמלתו|שִׂמְלֹתָ֔יו|מקורות=א-קרי}}"	"{{מ:קו""כ-אם-2|שִׂמְלֹתָ֔ו|שמלתו|שִׂמְלֹתָ֔יו|מקורות=א-קרי|סוג=כתיב חסר יו""ד בסיומת של קמץ ואחריו וי""ו}}"	success	Sun Apr 26 2026
נביאים ראשונים	"ספר שמואל/שמ""ב יג"	לד	E	"אֶת־{{מ:קו""כ-אם-2|עֵינָ֔ו|עינו|עֵינָ֔יו|מקורות=א-קרי}}"	"אֶת־{{מ:קו""כ-אם-2|עֵינָ֔ו|עינו|עֵינָ֔יו|מקורות=א-קרי|סוג=כתיב חסר יו""ד בסיומת של קמץ ואחריו וי""ו}}"	success	Sun Apr 26 2026
נביאים ראשונים	"ספר שמואל/שמ""ב יט"	יט	E	"{{מ:קו""כ-אם-2|בְּעֵינָ֑ו|בעינו|בְּעֵינָ֑יו|מקורות=א-קרי}}"	"{{מ:קו""כ-אם-2|בְּעֵינָ֑ו|בעינו|בְּעֵינָ֑יו|מקורות=א-קרי|סוג=כתיב חסר יו""ד בסיומת של קמץ ואחריו וי""ו}}"	success	Sun Apr 26 2026
נביאים ראשונים	"ספר שמואל/שמ""ב כ"	ח	E	"{{מ:קו""כ-אם-2|וְעָלָ֞ו|ועלו|וְעָלָ֞יו|מקורות=א-קרי}}"	"{{מ:קו""כ-אם-2|וְעָלָ֞ו|ועלו|וְעָלָ֞יו|מקורות=א-קרי|סוג=כתיב חסר יו""ד בסיומת של קמץ ואחריו וי""ו}}"	success	Sun Apr 26 2026
נביאים ראשונים	"ספר שמואל/שמ""ב כב"	כג	E	"כׇל־{{מ:קו""כ-אם-2|מִשְׁפָּטָ֖ו|משפטו|מִשְׁפָּטָ֖יו|מקורות=א-קרי}}"	"כׇל־{{מ:קו""כ-אם-2|מִשְׁפָּטָ֖ו|משפטו|מִשְׁפָּטָ֖יו|מקורות=א-קרי|סוג=כתיב חסר יו""ד בסיומת של קמץ ואחריו וי""ו}}"	success	Sun Apr 26 2026
נביאים ראשונים	"ספר שמואל/שמ""ב כג"	ט	E	"{{מ:קו""כ-אם-2|וְאַחֲרָ֛ו|ואחרו|וְאַחֲרָ֛יו|מקורות=א-קרי}}"	"{{מ:קו""כ-אם-2|וְאַחֲרָ֛ו|ואחרו|וְאַחֲרָ֛יו|מקורות=א-קרי|סוג=כתיב חסר יו""ד בסיומת של קמץ ואחריו וי""ו}}"	success	Sun Apr 26 2026
נביאים ראשונים	"ספר שמואל/שמ""ב כד"	כב	E	"{{מ:קו""כ-אם-2|בְּעֵינָ֑ו|בעינו|בְּעֵינָ֑יו|מקורות=א-קרי}}"	"{{מ:קו""כ-אם-2|בְּעֵינָ֑ו|בעינו|בְּעֵינָ֑יו|מקורות=א-קרי|סוג=כתיב חסר יו""ד בסיומת של קמץ ואחריו וי""ו}}"	success	Sun Apr 26 2026
נביאים ראשונים	"ספר מלכים/מל""א י"	ה	E	"{{מ:קו""כ-אם-2|מְשָׁרְתָ֜ו|משרתו|מְשָׁרְתָ֜יו|מקורות=א-קרי}}"	"{{מ:קו""כ-אם-2|מְשָׁרְתָ֜ו|משרתו|מְשָׁרְתָ֜יו|מקורות=א-קרי|סוג=כתיב חסר יו""ד בסיומת של קמץ ואחריו וי""ו}}"	success	Sun Apr 26 2026
נביאים ראשונים	"ספר מלכים/מל""א יח"	מב	E	"{{מ:קו""כ-אם-2|בִּרְכָּֽו|ברכו|בִּרְכָּֽיו|מקורות=א-קרי}}׃"	"{{מ:קו""כ-אם-2|בִּרְכָּֽו|ברכו|בִּרְכָּֽיו|מקורות=א-קרי|סוג=כתיב חסר יו""ד בסיומת של קמץ ואחריו וי""ו}}׃"	success	Sun Apr 26 2026
נביאים ראשונים	"ספר מלכים/מל""ב ה"	ט	E	"{{מ:קו""כ-אם-2|בְּסוּסָ֣ו|בסוסו|בְּסוּסָ֣יו|מקורות=א-קרי}}"	"{{מ:קו""כ-אם-2|בְּסוּסָ֣ו|בסוסו|בְּסוּסָ֣יו|מקורות=א-קרי|סוג=כתיב חסר יו""ד בסיומת של קמץ ואחריו וי""ו}}"	success	Sun Apr 26 2026
נביאים ראשונים	"ספר מלכים/מל""ב יא"	יח	E	"אֶת־{{מ:קו""כ-אם-2|מִזְבְּחֹתָ֤ו|מזבחתו|מִזְבְּחֹתָ֤יו|מקורות=א-קרי}}"	"אֶת־{{מ:קו""כ-אם-2|מִזְבְּחֹתָ֤ו|מזבחתו|מִזְבְּחֹתָ֤יו|מקורות=א-קרי|סוג=כתיב חסר יו""ד בסיומת של קמץ ואחריו וי""ו}}"	success	Sun Apr 26 2026
נביאים ראשונים	"ספר מלכים/מל""ב יד"	יב	E	"{{מ:קו""כ-אם-2|לְאֹהָלָֽו|לאהלו|לְאֹהָלָֽיו|מקורות=ל-קרי}}׃"	"{{מ:קו""כ-אם-2|לְאֹהָלָֽו|לאהלו|לְאֹהָלָֽיו|מקורות=ל-קרי|סוג=כתיב חסר יו""ד בסיומת של קמץ ואחריו וי""ו}}׃"	success	Sun Apr 26 2026
נביאים ראשונים	"ספר מלכים/מל""ב יט"	כג	E	"{{מ:קו""כ-אם-2|קִצֹּ֔ה|קצה|קִצּ֔וֹ|מקורות=א-קרי}}"	"{{מ:קו""כ-אם-2|קִצֹּ֔ה|קצה|קִצּ֔וֹ|מקורות=א-קרי|סוג=כתיב ה""א בסיומת של חולם}}"	success	Sun Apr 26 2026
נביאים אחרונים	ספר ישעיהו/לט	ב	E	"{{מ:קו""כ-אם-2|נְכֹתֹ֡ה|נכתה|נְכֹת֡וֹ|מקורות=א-קרי}}"	"{{מ:קו""כ-אם-2|נְכֹתֹ֡ה|נכתה|נְכֹת֡וֹ|מקורות=א-קרי|סוג=כתיב ה""א בסיומת של חולם}}"	success	Sun Apr 26 2026
נביאים אחרונים	ספר ירמיהו/ב	ג	E	"{{נוסח|{{מ:קו""כ-אם-2|תְּבוּאָתֹ֑ה|תבואתה|תְּבוּאָת֑וֹ}}|2=השוו"	"{{נוסח|{{מ:קו""כ-אם-2|תְּבוּאָתֹ֑ה|תבואתה|תְּבוּאָת֑וֹ|סוג=כתיב ה""א בסיומת של חולם}}|2=השוו"	success	Sun Apr 26 2026
נביאים אחרונים	ספר ירמיהו/ח	י	E	"{{מ:קו""כ-אם-2|כֻּלֹּ֖ה|כלה|כֻּלּ֖וֹ|מקורות=א-קרי}}"	"{{מ:קו""כ-אם-2|כֻּלֹּ֖ה|כלה|כֻּלּ֖וֹ|מקורות=א-קרי|סוג=כתיב ה""א בסיומת של חולם}}"	success	Sun Apr 26 2026
נביאים אחרונים	ספר ירמיהו/טו	ח	E	"{{מ:קו""כ-אם-2|אַלְמְנוֹתָו֙|אלמנותו|אַלְמְנוֹתָיו֙|מקורות=א-קרי}}"	"{{מ:קו""כ-אם-2|אַלְמְנוֹתָו֙|אלמנותו|אַלְמְנוֹתָיו֙|מקורות=א-קרי|סוג=כתיב חסר יו""ד בסיומת של קמץ ואחריו וי""ו}}"	success	Sun Apr 26 2026
נביאים אחרונים	ספר ירמיהו/יז	כד	E	"עֲשֽׂוֹת־{{מ:קו""כ-אם-2|בֹּ֖ה|בה|בּ֖וֹ|מקורות=א-קרי}}"	"עֲשֽׂוֹת־{{מ:קו""כ-אם-2|בֹּ֖ה|בה|בּ֖וֹ|מקורות=א-קרי|סוג=כתיב ה""א בסיומת של חולם}}"	success	Sun Apr 26 2026
נביאים אחרונים	ספר ירמיהו/לב	ד	E	"אֶת־{{מ:קו""כ-אם-2|עֵינָ֥ו|עינו|עֵינָ֥יו|מקורות=א-קרי,ל-קרי}}"	"אֶת־{{מ:קו""כ-אם-2|עֵינָ֥ו|עינו|עֵינָ֥יו|מקורות=א-קרי,ל-קרי|סוג=כתיב חסר יו""ד בסיומת של קמץ ואחריו וי""ו}}"	success	Sun Apr 26 2026
נביאים אחרונים	ספר יחזקאל/ג	כ	E	"{{מ:קו""כ-אם-2|צִדְקֹתָו֙|צדקתו|צִדְקֹתָיו֙|מקורות=א-קרי}}"	"{{מ:קו""כ-אם-2|צִדְקֹתָו֙|צדקתו|צִדְקֹתָיו֙|מקורות=א-קרי|סוג=כתיב חסר יו""ד בסיומת של קמץ ואחריו וי""ו}}"	success	Sun Apr 26 2026
נביאים אחרונים	ספר יחזקאל/יב	יד	E	"{{מ:קו""כ-אם-2|עֶזְרֹ֛ה|עזרה|עֶזְר֛וֹ|מקורות=א-קרי}}"	"{{מ:קו""כ-אם-2|עֶזְרֹ֛ה|עזרה|עֶזְר֛וֹ|מקורות=א-קרי|סוג=כתיב ה""א בסיומת של חולם}}"	success	Sun Apr 26 2026
נביאים אחרונים	ספר יחזקאל/יח	כא	E	"מִכׇּל־{{מ:קו""כ-אם-2|חַטֹּאתָו֙|חטאתו|חַטֹּאתָיו֙|מקורות=א-קרי}}"	"מִכׇּל־{{מ:קו""כ-אם-2|חַטֹּאתָו֙|חטאתו|חַטֹּאתָיו֙|מקורות=א-קרי|סוג=כתיב חסר יו""ד בסיומת של קמץ ואחריו וי""ו}}"	success	Sun Apr 26 2026
נביאים אחרונים	ספר יחזקאל/יח	כד	E	"כׇּל־{{מ:קו""כ-אם-2|צִדְקֹתָ֤ו|צדקתו|צִדְקֹתָ֤יו|מקורות=א-קרי}}"	"כׇּל־{{מ:קו""כ-אם-2|צִדְקֹתָ֤ו|צדקתו|צִדְקֹתָ֤יו|מקורות=א-קרי|סוג=כתיב חסר יו""ד בסיומת של קמץ ואחריו וי""ו}}"	success	Sun Apr 26 2026
נביאים אחרונים	ספר יחזקאל/כ	מ	E	"{{מ:קו""כ-אם-2|כֻּלֹּ֖ה|כלה|כֻּלּ֖וֹ|מקורות=א-קרי}}"	"{{מ:קו""כ-אם-2|כֻּלֹּ֖ה|כלה|כֻּלּ֖וֹ|מקורות=א-קרי|סוג=כתיב ה""א בסיומת של חולם}}"	success	Sun Apr 26 2026
נביאים אחרונים	ספר יחזקאל/לא	ה	E	"{{מ:קו""כ-אם-2|פֹארֹתָ֛ו|פארתו|פֹארֹתָ֛יו|מקורות=א-קרי}}"	"{{מ:קו""כ-אם-2|פֹארֹתָ֛ו|פארתו|פֹארֹתָ֛יו|מקורות=א-קרי|סוג=כתיב חסר יו""ד בסיומת של קמץ ואחריו וי""ו}}"	success	Sun Apr 26 2026
נביאים אחרונים	ספר יחזקאל/לג	יג	E	"כׇּל־{{מ:קו""כ-אם-2|צִדְקֹתָו֙|צדקתו|צִדְקֹתָיו֙|מקורות=א-קרי}}"	"כׇּל־{{מ:קו""כ-אם-2|צִדְקֹתָו֙|צדקתו|צִדְקֹתָיו֙|מקורות=א-קרי|סוג=כתיב חסר יו""ד בסיומת של קמץ ואחריו וי""ו}}"	success	Sun Apr 26 2026
נביאים אחרונים	ספר יחזקאל/לג	טז	E	"כׇּל־{{מ:קו""כ-אם-2|חַטֹּאתָו֙|חטאתו|חַטֹּאתָיו֙|מקורות=א-קרי}}"	"כׇּל־{{מ:קו""כ-אם-2|חַטֹּאתָו֙|חטאתו|חַטֹּאתָיו֙|מקורות=א-קרי|סוג=כתיב חסר יו""ד בסיומת של קמץ ואחריו וי""ו}}"	success	Sun Apr 26 2026
נביאים אחרונים	ספר יחזקאל/לו	י	E	"{{מ:קו""כ-אם-2|כֻּלֹּ֑ה|כלה|כֻּלּ֑וֹ|מקורות=א-קרי}}"	"{{מ:קו""כ-אם-2|כֻּלֹּ֑ה|כלה|כֻּלּ֑וֹ|מקורות=א-קרי|סוג=כתיב ה""א בסיומת של חולם}}"	success	Sun Apr 26 2026
נביאים אחרונים	ספר יחזקאל/לז	טז	E	"{{מ:קו""כ-אם-2|חֲבֵרָ֑ו|חברו|חֲבֵרָ֑יו|מקורות=א-קרי}}"	"{{מ:קו""כ-אם-2|חֲבֵרָ֑ו|חברו|חֲבֵרָ֑יו|מקורות=א-קרי|סוג=כתיב חסר יו""ד בסיומת של קמץ ואחריו וי""ו}}"	success	Sun Apr 26 2026
נביאים אחרונים	ספר יחזקאל/לז	טז	E	"{{מ:קו""כ-אם-2|חֲבֵרָֽו|חברו|חֲבֵרָֽיו|מקורות=א-קרי}}׃"	"{{מ:קו""כ-אם-2|חֲבֵרָֽו|חברו|חֲבֵרָֽיו|מקורות=א-קרי|סוג=כתיב חסר יו""ד בסיומת של קמץ ואחריו וי""ו}}׃"	success	Sun Apr 26 2026
נביאים אחרונים	ספר יחזקאל/לז	יט	E	"{{מ:קו""כ-אם-2|חֲבֵרָ֑ו|חברו|חֲבֵרָ֑יו|מקורות=א-קרי}}"	"{{מ:קו""כ-אם-2|חֲבֵרָ֑ו|חברו|חֲבֵרָ֑יו|מקורות=א-קרי|סוג=כתיב חסר יו""ד בסיומת של קמץ ואחריו וי""ו}}"	success	Sun Apr 26 2026
נביאים אחרונים	ספר יחזקאל/מ	ו	E	"{{מ:קו""כ-אם-2|בְּמַעֲלוֹתָ֑ו|במעלותו|בְּמַעֲלוֹתָ֑יו|מקורות=א-קרי}}"	"{{מ:קו""כ-אם-2|בְּמַעֲלוֹתָ֑ו|במעלותו|בְּמַעֲלוֹתָ֑יו|מקורות=א-קרי|סוג=כתיב חסר יו""ד בסיומת של קמץ ואחריו וי""ו}}"	success	Sun Apr 26 2026
נביאים אחרונים	ספר יחזקאל/מ	ט	E	"{{מ:קו""כ-אם-2|וְאֵילָ֖ו|ואילו|וְאֵילָ֖יו|מקורות=א-קרי}}"	"{{מ:קו""כ-אם-2|וְאֵילָ֖ו|ואילו|וְאֵילָ֖יו|מקורות=א-קרי|סוג=כתיב חסר יו""ד בסיומת של קמץ ואחריו וי""ו}}"	success	Sun Apr 26 2026
נביאים אחרונים	ספר יחזקאל/מ	כא	E	"{{מ:קו""כ-אם-2|וְאֵֽלַמָּו֙|ואלמו|וְאֵֽלַמָּיו֙|מקורות=א-קרי}}"	"{{מ:קו""כ-אם-2|וְאֵֽלַמָּו֙|ואלמו|וְאֵֽלַמָּיו֙|מקורות=א-קרי|סוג=כתיב חסר יו""ד בסיומת של קמץ ואחריו וי""ו}}"	success	Sun Apr 26 2026
נביאים אחרונים	ספר יחזקאל/מ	כב	E	"{{מ:קו""כ-אם-2|וְחַלּוֹנָ֤ו|וחלונו|וְחַלּוֹנָ֤יו|מקורות=א-קרי}}"	"{{מ:קו""כ-אם-2|וְחַלּוֹנָ֤ו|וחלונו|וְחַלּוֹנָ֤יו|מקורות=א-קרי|סוג=כתיב חסר יו""ד בסיומת של קמץ ואחריו וי""ו}}"	success	Sun Apr 26 2026
נביאים אחרונים	ספר יחזקאל/מ	כב	E	"{{מ:קו""כ-אם-2|וְתִ֣ימֹרָ֔ו|ותימרו|וְתִ֣ימֹרָ֔יו|מקורות=א-קרי}}"	"{{מ:קו""כ-אם-2|וְתִ֣ימֹרָ֔ו|ותימרו|וְתִ֣ימֹרָ֔יו|מקורות=א-קרי|סוג=כתיב חסר יו""ד בסיומת של קמץ ואחריו וי""ו}}"	success	Sun Apr 26 2026
נביאים אחרונים	ספר יחזקאל/מ	כד	E	"{{נוסח|{{מ:קו""כ-אם-2|אֵילָו֙|אילו|אֵילָיו֙|מקורות=ל-קרי}}|2=(הערת"	"{{נוסח|{{מ:קו""כ-אם-2|אֵילָו֙|אילו|אֵילָיו֙|מקורות=ל-קרי|סוג=כתיב חסר יו""ד בסיומת של קמץ ואחריו וי""ו}}|2=(הערת"	success	Sun Apr 26 2026
נביאים אחרונים	ספר יחזקאל/מ	כד	E	"{{נוסח|{{מ:קו""כ-אם-2|וְאֵ֣ילַמָּ֔ו|ואילמו|וְאֵ֣ילַמָּ֔יו|מקורות=ל-קרי}}|2=(הערת"	"{{נוסח|{{מ:קו""כ-אם-2|וְאֵ֣ילַמָּ֔ו|ואילמו|וְאֵ֣ילַמָּ֔יו|מקורות=ל-קרי|סוג=כתיב חסר יו""ד בסיומת של קמץ ואחריו וי""ו}}|2=(הערת"	success	Sun Apr 26 2026
נביאים אחרונים	ספר יחזקאל/מ	כה	E	"{{נוסח|{{מ:קו""כ-אם-2|וּלְאֵֽילַמָּו֙|ולאילמו|וּלְאֵֽילַמָּיו֙|מקורות=ל-קרי}}|2=(הערת"	"{{נוסח|{{מ:קו""כ-אם-2|וּלְאֵֽילַמָּו֙|ולאילמו|וּלְאֵֽילַמָּיו֙|מקורות=ל-קרי|סוג=כתיב חסר יו""ד בסיומת של קמץ ואחריו וי""ו}}|2=(הערת"	success	Sun Apr 26 2026
נביאים אחרונים	ספר יחזקאל/מ	כו	E	"{{מ:קו""כ-אם-2|עֹֽלוֹתָ֔ו|עלותו|עֹֽלוֹתָ֔יו|מקורות=א-קרי}}"	"{{מ:קו""כ-אם-2|עֹֽלוֹתָ֔ו|עלותו|עֹֽלוֹתָ֔יו|מקורות=א-קרי|סוג=כתיב"	success	Sun Apr 26 2026
נביאים אחרונים	ספר יחזקאל/מ	כו	E	"{{נוסח|{{מ:קו""כ-אם-2|וְאֵלַמָּ֖ו|ואלמו|וְאֵלַמָּ֖יו|מקורות=ל-קרי}}|2=(הערת"	"חסר יו""ד בסיומת של קמץ ואחריו וי""ו}} {{נוסח|{{מ:קו""כ-אם-2|וְאֵלַמָּ֖ו|ואלמו|וְאֵלַמָּ֖יו|מקורות=ל-קרי|סוג=כתיב חסר יו""ד בסיומת של קמץ ואחריו וי""ו}}|2=(הערת"	success	Sun Apr 26 2026
נביאים אחרונים	ספר יחזקאל/מ	לא	E	"{{מ:קו""כ-אם-2|מַעֲלָֽו|מעלו|מַעֲלָֽיו|מקורות=א-קרי}}׃"	"{{מ:קו""כ-אם-2|מַעֲלָֽו|מעלו|מַעֲלָֽיו|מקורות=א-קרי|סוג=כתיב חסר יו""ד בסיומת של קמץ ואחריו וי""ו}}׃"	success	Sun Apr 26 2026
נביאים אחרונים	ספר יחזקאל/מ	לז	E	"{{מ:קו""כ-אם-2|מַעֲלָֽו|מעלו|מַעֲלָֽיו|מקורות=ל-קרי}}׃"	"{{מ:קו""כ-אם-2|מַעֲלָֽו|מעלו|מַעֲלָֽיו|מקורות=ל-קרי|סוג=כתיב חסר יו""ד בסיומת של קמץ ואחריו וי""ו}}׃"	success	Sun Apr 26 2026
נביאים אחרונים	ספר יחזקאל/מג	יא	E	"וְֽכׇל־{{מ:קו""כ-אם-2|צוּרֹתָ֡ו|צורתו|צוּרֹתָ֡יו|מקורות=א-קרי}}"	"וְֽכׇל־{{מ:קו""כ-אם-2|צוּרֹתָ֡ו|צורתו|צוּרֹתָ֡יו|מקורות=א-קרי|סוג=כתיב חסר יו""ד בסיומת של קמץ ואחריו וי""ו}}"	success	Sun Apr 26 2026
נביאים אחרונים	ספר יחזקאל/מג	יא	E	"וְכׇל־{{מ:קו""כ-אם-2|צ֨וּרֹתָ֤ו|צורתו|צ֨וּרֹתָ֤יו|מקורות=א-קרי}}"	"וְכׇל־{{מ:קו""כ-אם-2|צ֨וּרֹתָ֤ו|צורתו|צ֨וּרֹתָ֤יו|מקורות=א-קרי|סוג=כתיב"	success	Sun Apr 26 2026
נביאים אחרונים	ספר יחזקאל/מג	יא	E	"וְכׇל־{{מ:קו""כ-אם-2|תּֽוֹרֹתָו֙|תורתו|תּֽוֹרֹתָיו֙|מקורות=א-קרי}}"	"חסר יו""ד בסיומת של קמץ ואחריו וי""ו}} וְכׇל־{{מ:קו""כ-אם-2|תּֽוֹרֹתָו֙|תורתו|תּֽוֹרֹתָיו֙|מקורות=א-קרי|סוג=כתיב חסר יו""ד בסיומת של קמץ ואחריו וי""ו}}"	success	Sun Apr 26 2026
נביאים אחרונים	ספר יחזקאל/מג	כו	E	"{{מ:קו""כ-אם-2|יָדָֽו|ידו|יָדָֽיו|מקורות=א-קרי}}׃"	"{{מ:קו""כ-אם-2|יָדָֽו|ידו|יָדָֽיו|מקורות=א-קרי|סוג=כתיב חסר יו""ד בסיומת של קמץ ואחריו וי""ו}}׃"	success	Sun Apr 26 2026
נביאים אחרונים	ספר יחזקאל/מד	ה	E	"וּלְכׇל־{{מ:קו""כ-אם-2|תּוֹרֹתָ֑ו|תורתו|תּוֹרֹתָ֑יו|מקורות=א-קרי}}"	"וּלְכׇל־{{מ:קו""כ-אם-2|תּוֹרֹתָ֑ו|תורתו|תּוֹרֹתָ֑יו|מקורות=א-קרי|סוג=כתיב חסר יו""ד בסיומת של קמץ ואחריו וי""ו}}"	success	Sun Apr 26 2026
נביאים אחרונים	ספר יחזקאל/מז	ח	E	"{{מ:קו""כ-אם-2|וְנִרְפּ֥אֿוּ|ונרפאו|וְנִרְפּ֥וּ|מקורות=ל-קרי}}"	"{{מ:קו""כ-אם-2|וְנִרְפּ֥אֿוּ|ונרפאו|וְנִרְפּ֥וּ|מקורות=ל-קרי|סוג=אל""ף מיותרת}}"	success	Sun Apr 26 2026
נביאים אחרונים	ספר יחזקאל/מז	יא	E	"{{מ:קו""כ-אם-2|בִּצֹּאתָ֧ו|בצאתו|בִּצֹּאתָ֧יו|מקורות=א-קרי}}"	"{{מ:קו""כ-אם-2|בִּצֹּאתָ֧ו|בצאתו|בִּצֹּאתָ֧יו|מקורות=א-קרי|סוג=כתיב חסר יו""ד בסיומת של קמץ ואחריו וי""ו}}"	success	Sun Apr 26 2026
נביאים אחרונים	ספר יחזקאל/מח	טו	E	"{{מ:קו""כ-אם-2|בְּתוֹכֹֽה|בתוכה|בְּתוֹכֽוֹ|מקורות=א-קרי}}׃"	"{{מ:קו""כ-אם-2|בְּתוֹכֹֽה|בתוכה|בְּתוֹכֽוֹ|מקורות=א-קרי|סוג=כתיב ה""א בסיומת של חולם}}׃"	success	Sun Apr 26 2026
נביאים אחרונים	ספר יחזקאל/מח	יח	E	"{{נוסח|{{מ:קו""כ-אם-2|תְבֽוּאָתֹה֙|תבואתה|תְבֽוּאָתוֹ֙|מקורות=ל-קרי}}|2=השוו"	"{{נוסח|{{מ:קו""כ-אם-2|תְבֽוּאָתֹה֙|תבואתה|תְבֽוּאָתוֹ֙|מקורות=ל-קרי|סוג=כתיב ה""א בסיומת של חולם}}|2=השוו"	success	Sun Apr 26 2026
נביאים אחרונים	ספר יחזקאל/מח	כא	E	"{{מ:קו""כ-אם-2|בְּתוֹכֹֽה|בתוכה|בְּתוֹכֽוֹ|מקורות=ל-קרי}}׃"	"{{מ:קו""כ-אם-2|בְּתוֹכֹֽה|בתוכה|בְּתוֹכֽוֹ|מקורות=ל-קרי|סוג=כתיב ה""א בסיומת של חולם}}׃"	success	Sun Apr 26 2026
נביאים אחרונים	ספר תרי עשר/עמוס ט	ו	E	"{{מ:קו""כ-אם-2|מַעֲלוֹתָ֔ו|מעלותו|מַעֲלוֹתָ֔יו|מקורות=ל-קרי}}"	"{{מ:קו""כ-אם-2|מַעֲלוֹתָ֔ו|מעלותו|מַעֲלוֹתָ֔יו|מקורות=ל-קרי|סוג=כתיב חסר יו""ד בסיומת של קמץ ואחריו וי""ו}}"	success	Sun Apr 26 2026
נביאים אחרונים	ספר תרי עשר/עבדיה א	יא	E	"{{מ:קו""כ-אם-2|שְׁעָרָ֗ו|שערו|שְׁעָרָ֗יו|מקורות=ל-קרי}}"	"{{מ:קו""כ-אם-2|שְׁעָרָ֗ו|שערו|שְׁעָרָ֗יו|מקורות=ל-קרי|סוג=כתיב חסר יו""ד בסיומת של קמץ ואחריו וי""ו}}"	success	Sun Apr 26 2026
נביאים אחרונים	ספר תרי עשר/חבקוק ג	יד	E	"{{מ:קו""כ-אם-2|פְּרָזָ֔ו|פרזו|פְּרָזָ֔יו|מקורות=א-קרי,ל-קרי}}"	"{{מ:קו""כ-אם-2|פְּרָזָ֔ו|פרזו|פְּרָזָ֔יו|מקורות=א-קרי,ל-קרי|סוג=כתיב חסר יו""ד בסיומת של קמץ ואחריו וי""ו}}"	success	Sun Apr 26 2026
"ספרי אמ""ת"	ספר תהלים/י	ה	E	"{{מ:קו""כ-אם-2|דְרָכָ֨ו{{מ:לגרמיה-2}}|דרכו|דְרָכָ֨יו{{מ:לגרמיה-2}}|מקורות=א-קרי}}"	"{{מ:קו""כ-אם-2|דְרָכָ֨ו{{מ:לגרמיה-2}}|דרכו|דְרָכָ֨יו{{מ:לגרמיה-2}}|מקורות=א-קרי|סוג=כתיב חסר יו""ד בסיומת של קמץ ואחריו וי""ו}}"	success	Sun Apr 26 2026
"ספרי אמ""ת"	ספר תהלים/נח	ח	E	"{{מ:קו""כ-אם-2|חִ֝צָּ֗ו|חצו|חִ֝צָּ֗יו|מקורות=א-קרי}}"	"{{מ:קו""כ-אם-2|חִ֝צָּ֗ו|חצו|חִ֝צָּ֗יו|מקורות=א-קרי|סוג=כתיב חסר יו""ד בסיומת של קמץ ואחריו וי""ו}}"	success	Sun Apr 26 2026
"ספרי אמ""ת"	ספר תהלים/קה	מ	E	"{{מ:קו""כ-אם-2|שְׂלָ֑ו|שלו|שְׂלָ֑יו|מקורות=א-קרי}}{{ר1}}וְלֶ֥חֶם"	"{{מ:קו""כ-אם-2|שְׂלָ֑ו|שלו|שְׂלָ֑יו|מקורות=א-קרי|סוג=כתיב חסר יו""ד בסיומת של קמץ ואחריו וי""ו}}{{ר1}}וְלֶ֥חֶם"	success	Sun Apr 26 2026
"ספרי אמ""ת"	ספר תהלים/קו	מה	E	"{{מ:קו""כ-אם-2|חֲסָדָֽו|חסדו|חֲסָדָֽיו|מקורות=א-קרי}}׃"	"{{מ:קו""כ-אם-2|חֲסָדָֽו|חסדו|חֲסָדָֽיו|מקורות=א-קרי|סוג=כתיב חסר יו""ד בסיומת של קמץ ואחריו וי""ו}}׃"	success	Sun Apr 26 2026
"ספרי אמ""ת"	ספר תהלים/קמז	יט	E	"{{מ:קו""כ-אם-2|דְּבָרָ֣ו|דברו|דְּבָרָ֣יו|מקורות=א-קרי}}"	"{{מ:קו""כ-אם-2|דְּבָרָ֣ו|דברו|דְּבָרָ֣יו|מקורות=א-קרי|סוג=כתיב חסר יו""ד בסיומת של קמץ ואחריו וי""ו}}"	success	Sun Apr 26 2026
"ספרי אמ""ת"	ספר תהלים/קמח	ב	E	"כׇּל־{{מ:קו""כ-אם-2|צְבָאָֽו|צבאו|צְבָאָֽיו|מקורות=א-קרי}}׃"	"כׇּל־{{מ:קו""כ-אם-2|צְבָאָֽו|צבאו|צְבָאָֽיו|מקורות=א-קרי|סוג=כתיב חסר יו""ד בסיומת של קמץ ואחריו וי""ו}}׃"	success	Sun Apr 26 2026
"ספרי אמ""ת"	ספר משלי/ו	יג	E	"{{מ:קו""כ-אם-2|{{מ:דחי|בְּ֭עֵינָו|בְּ֭עֵינָ֭ו}}|בעינו|{{מ:דחי|בְּ֭עֵינָיו|בְּ֭עֵינָ֭יו}}|מקורות=א-קרי}}"	"{{מ:קו""כ-אם-2|{{מ:דחי|בְּ֭עֵינָו|בְּ֭עֵינָ֭ו}}|בעינו|{{מ:דחי|בְּ֭עֵינָיו|בְּ֭עֵינָ֭יו}}|מקורות=א-קרי|סוג=כתיב חסר יו""ד בסיומת של קמץ ואחריו וי""ו}}"	success	Sun Apr 26 2026
"ספרי אמ""ת"	ספר משלי/ו	יג	E	"{{מ:קו""כ-אם-2|בְּרַגְלָ֑ו|ברגלו|בְּרַגְלָ֑יו|מקורות=א-קרי}}{{ר1}}מֹ֝רֶ֗ה"	"{{מ:קו""כ-אם-2|בְּרַגְלָ֑ו|ברגלו|בְּרַגְלָ֑יו|מקורות=א-קרי|סוג=כתיב חסר יו""ד בסיומת של קמץ ואחריו וי""ו}}{{ר1}}מֹ֝רֶ֗ה"	success	Sun Apr 26 2026
"ספרי אמ""ת"	ספר משלי/כב	כה	E	"{{מ:קו""כ-אם-2|אֹרְחֹתָ֑ו|ארחתו|אֹרְחֹתָ֑יו|מקורות=א-קרי}}{{ר1}}וְלָקַחְתָּ֖"	"{{מ:קו""כ-אם-2|אֹרְחֹתָ֑ו|ארחתו|אֹרְחֹתָ֑יו|מקורות=א-קרי|סוג=כתיב חסר יו""ד בסיומת של קמץ ואחריו וי""ו}}{{ר1}}וְלָקַחְתָּ֖"	success	Sun Apr 26 2026
"ספרי אמ""ת"	ספר משלי/כו	כד	E	"{{מ:קו""כ-אם-2|{{מ:דחי|בִּ֭שְׂפָתָו|בִּ֭שְׂפָתָ֭ו}}|בשפתו|{{מ:דחי|בִּ֭שְׂפָתָיו|בִּ֭שְׂפָתָ֭יו}}|מקורות=א-קרי}}"	"{{מ:קו""כ-אם-2|{{מ:דחי|בִּ֭שְׂפָתָו|בִּ֭שְׂפָתָ֭ו}}|בשפתו|{{מ:דחי|בִּ֭שְׂפָתָיו|בִּ֭שְׂפָתָ֭יו}}|מקורות=א-קרי|סוג=כתיב חסר יו""ד בסיומת של קמץ ואחריו וי""ו}}"	success	Sun Apr 26 2026
"ספרי אמ""ת"	ספר משלי/ל	י	E	"אֶל־{{מ:קו""כ-אם-2|אֲדֹנָ֑ו|אדנו|אֲדֹנָ֑יו|מקורות=א-קרי}}{{ר1}}פֶּֽן־יְקַלֶּלְךָ֥"	"אֶל־{{מ:קו""כ-אם-2|אֲדֹנָ֑ו|אדנו|אֲדֹנָ֑יו|מקורות=א-קרי|סוג=כתיב חסר יו""ד בסיומת של קמץ ואחריו וי""ו}}{{ר1}}פֶּֽן־יְקַלֶּלְךָ֥"	success	Sun Apr 26 2026
"ספרי אמ""ת"	ספר איוב/ה	יח	E	"{{מ:קו""כ-אם-2|וְיָדָ֥ו|וידו|וְיָדָ֥יו|מקורות=א-קרי}}"	"{{מ:קו""כ-אם-2|וְיָדָ֥ו|וידו|וְיָדָ֥יו|מקורות=א-קרי|סוג=כתיב חסר יו""ד בסיומת של קמץ ואחריו וי""ו}}"	success	Sun Apr 26 2026
"ספרי אמ""ת"	ספר איוב/כ	יא	E	"{{מ:קו""כ-אם-2|עֲלוּמָ֑ו|עלומו|עֲלוּמָ֑יו|מקורות=א-קרי}}{{ר1}}וְ֝עִמּ֗וֹ"	"{{מ:קו""כ-אם-2|עֲלוּמָ֑ו|עלומו|עֲלוּמָ֑יו|מקורות=א-קרי|סוג=כתיב חסר יו""ד בסיומת של קמץ ואחריו וי""ו}}{{ר1}}וְ֝עִמּ֗וֹ"	success	Sun Apr 26 2026
"ספרי אמ""ת"	ספר איוב/כא	כ	E	"{{מ:קו""כ-אם-2|עֵינָ֣ו|עינו|עֵינָ֣יו|מקורות=א-קרי}}"	"{{מ:קו""כ-אם-2|עֵינָ֣ו|עינו|עֵינָ֣יו|מקורות=א-קרי|סוג=כתיב חסר יו""ד בסיומת של קמץ ואחריו וי""ו}}"	success	Sun Apr 26 2026
"ספרי אמ""ת"	ספר איוב/כד	א	E	"עִתִּ֑ים{{ר1}}{{מ:קו""כ-אם-2|וְ֝יֹדְעָ֗ו|וידעו|וְ֝יֹדְעָ֗יו|מקורות=א-קרי}}"	"עִתִּ֑ים{{ר1}}{{מ:קו""כ-אם-2|וְ֝יֹדְעָ֗ו|וידעו|וְ֝יֹדְעָ֗יו|מקורות=א-קרי|סוג=כתיב חסר יו""ד בסיומת של קמץ ואחריו וי""ו}}"	success	Sun Apr 26 2026
"ספרי אמ""ת"	ספר איוב/כו	יד	E	"{{מ:קו""כ-אם-2|גְּ֝בוּרֹתָ֗ו|גבורתו|גְּ֝בוּרֹתָ֗יו|מקורות=א-קרי}}{{ר0}}מִ֣י"	"{{מ:קו""כ-אם-2|גְּ֝בוּרֹתָ֗ו|גבורתו|גְּ֝בוּרֹתָ֗יו|מקורות=א-קרי|סוג=כתיב חסר יו""ד בסיומת של קמץ ואחריו וי""ו}}{{ר0}}מִ֣י"	success	Sun Apr 26 2026
"ספרי אמ""ת"	ספר איוב/כז	טו	E	"{{מ:קו""כ-אם-2|{{מ:דחי|שְׂ֭רִידָו|שְׂ֭רִידָ֭ו}}|שרידו|{{מ:דחי|שְׂ֭רִידָיו|שְׂ֭רִידָ֭יו}}|מקורות=א-קרי}}"	"{{מ:קו""כ-אם-2|{{מ:דחי|שְׂ֭רִידָו|שְׂ֭רִידָ֭ו}}|שרידו|{{מ:דחי|שְׂ֭רִידָיו|שְׂ֭רִידָ֭יו}}|מקורות=א-קרי|סוג=כתיב חסר יו""ד בסיומת של קמץ ואחריו וי""ו}}"	success	Sun Apr 26 2026
"ספרי אמ""ת"	ספר איוב/לא	כ	E	"{{מ:קו""כ-אם-2|חֲלָצָ֑ו|חלצו|חֲלָצָ֑יו|מקורות=א-קרי}}{{ר1}}וּמִגֵּ֥ז"	"{{מ:קו""כ-אם-2|חֲלָצָ֑ו|חלצו|חֲלָצָ֑יו|מקורות=א-קרי|סוג=כתיב חסר יו""ד בסיומת של קמץ ואחריו וי""ו}}{{ר1}}וּמִגֵּ֥ז"	success	Sun Apr 26 2026
"ספרי אמ""ת"	ספר איוב/לז	יב	E	"{{מ:קו""כ-אם-2|בְּתַחְבּוּלֹתָ֣ו|בתחבולתו|בְּתַחְבּוּלֹתָ֣יו|מקורות=א-קרי}}"	"{{מ:קו""כ-אם-2|בְּתַחְבּוּלֹתָ֣ו|בתחבולתו|בְּתַחְבּוּלֹתָ֣יו|מקורות=א-קרי|סוג=כתיב חסר יו""ד בסיומת של קמץ ואחריו וי""ו}}"	success	Sun Apr 26 2026
"ספרי אמ""ת"	ספר איוב/לח	מא	E	"לָעֹרֵ֗ב{{ר0}}צֵ֫יד֥וֹ{{ר1}}כִּֽי־{{מ:קו""כ-אם-2|{{מ:דחי|יְ֭לָדָו|יְ֭לָדָ֭ו}}|ילדו|{{מ:דחי|יְ֭לָדָיו|יְ֭לָדָ֭יו}}|מקורות=א-קרי}}"	"לָעֹרֵ֗ב{{ר0}}צֵ֫יד֥וֹ{{ר1}}כִּֽי־{{מ:קו""כ-אם-2|{{מ:דחי|יְ֭לָדָו|יְ֭לָדָ֭ו}}|ילדו|{{מ:דחי|יְ֭לָדָיו|יְ֭לָדָ֭יו}}|מקורות=א-קרי|סוג=כתיב חסר יו""ד בסיומת של קמץ ואחריו וי""ו}}"	success	Sun Apr 26 2026
"ספרי אמ""ת"	ספר איוב/לט	כו	E	"{{מ:קו""כ-אם-2|כְּנָפָ֣ו|כנפו|כְּנָפָ֣יו|מקורות=א-קרי}}"	"{{מ:קו""כ-אם-2|כְּנָפָ֣ו|כנפו|כְּנָפָ֣יו|מקורות=א-קרי|סוג=כתיב חסר יו""ד בסיומת של קמץ ואחריו וי""ו}}"	success	Sun Apr 26 2026
"ספרי אמ""ת"	ספר איוב/מ	יז	E	"{{מ:קו""כ-אם-2|פַחֲדָ֣ו|פחדו|פַחֲדָ֣יו|מקורות=א-קרי}}"	"{{מ:קו""כ-אם-2|פַחֲדָ֣ו|פחדו|פַחֲדָ֣יו|מקורות=א-קרי|סוג=כתיב חסר יו""ד בסיומת של קמץ ואחריו וי""ו}}"	success	Sun Apr 26 2026
חמש מגילות	מגילת רות/ג	יד	E	"{{נוסח|{{מ:קו""כ-אם-2|מַרְגְּלוֹתָו֙|מרגלותו|מַרְגְּלוֹתָיו֙|מקורות=א-קרי}}|2==א,ק-מ"	"{{נוסח|{{מ:קו""כ-אם-2|מַרְגְּלוֹתָו֙|מרגלותו|מַרְגְּלוֹתָיו֙|מקורות=א-קרי|סוג=כתיב חסר יו""ד בסיומת של קמץ ואחריו וי""ו}}|2==א,ק-מ"	success	Sun Apr 26 2026
חמש מגילות	מגילת איכה/ג	לט	E	"עַל־{{מ:קו""כ-אם-2|חֲטָאָֽו|חטאו|חֲטָאָֽיו|מקורות=ל-קרי}}׃"	"עַל־{{מ:קו""כ-אם-2|חֲטָאָֽו|חטאו|חֲטָאָֽיו|מקורות=ל-קרי|סוג=כתיב חסר יו""ד בסיומת של קמץ ואחריו וי""ו}}׃"	success	Sun Apr 26 2026
חמש מגילות	מגילת קהלת/ה	יז	E	"יְמֵי־{{מ:קו""כ-אם-2|חַיָּ֛ו|חיו|חַיָּ֛יו|מקורות=ל-קרי}}"	"יְמֵי־{{מ:קו""כ-אם-2|חַיָּ֛ו|חיו|חַיָּ֛יו|מקורות=ל-קרי|סוג=כתיב חסר יו""ד בסיומת של קמץ ואחריו וי""ו}}"	success	Sun Apr 26 2026
כתובים אחרונים	ספר דניאל/א	ד	E	"כׇּל־{{נוסח|{{מ:קו""כ-אם-2|מאֿוּם֩|מאום|מוּם֩|מקורות=ל-קרי,ק13-קרי}}|2==פטרבורג-EVR-II-B-55,ש2"	"כׇּל־{{נוסח|{{מ:קו""כ-אם-2|מאֿוּם֩|מאום|מוּם֩|מקורות=ל-קרי,ק13-קרי|סוג=אל""ף מיותרת}}|2==פטרבורג-EVR-II-B-55,ש2"	success	Sun Apr 26 2026
כתובים אחרונים	ספר דניאל/ד	טז	E	"{{מ:קו""כ-אם-2|מָרִ֕אי|מראי|מָרִ֕י|מקורות=ל-קרי}}"	"{{מ:קו""כ-אם-2|מָרִ֕אי|מראי|מָרִ֕י|מקורות=ל-קרי|סוג=אל""ף מיותרת}}"	success	Sun Apr 26 2026
כתובים אחרונים	ספר דניאל/ד	כא	E	"{{נוסח|עַל־{{מ:קו""כ-אם-2|מָרִ֥אי|מראי|מָרִ֥י|מקורות=ל-קרי}}|2==ל"	"{{נוסח|עַל־{{מ:קו""כ-אם-2|מָרִ֥אי|מראי|מָרִ֥י|מקורות=ל-קרי|סוג=אל""ף מיותרת}}|2==ל"	success	Sun Apr 26 2026
כתובים אחרונים	ספר דניאל/יא	י	E	"{{מ:קו""כ-אם-2|וּבָנָ֣ו|ובנו|וּבָנָ֣יו|מקורות=ל-קרי}}"	"{{מ:קו""כ-אם-2|וּבָנָ֣ו|ובנו|וּבָנָ֣יו|מקורות=ל-קרי|סוג=כתיב חסר יו""ד בסיומת של קמץ ואחריו וי""ו}}"	success	Sun Apr 26 2026
כתובים אחרונים	ספר דניאל/יא	י	E	"עַד־{{מ:קו""כ-אם-2|מָעֻזֹּֽה|מעזה|מָעֻזּֽוֹ|מקורות=ל-קרי}}׃"	"עַד־{{מ:קו""כ-אם-2|מָעֻזֹּֽה|מעזה|מָעֻזּֽוֹ|מקורות=ל-קרי|סוג=כתיב ה""א בסיומת של חולם}}׃"	success	Sun Apr 26 2026
כתובים אחרונים	ספר עזרא/עזרא ה	א	E	"{{מ:קו""כ-אם-2|נְבִיַּאיָּ֔א|נביאיא|נְבִיַּיָּ֔א|מקורות=ל-קרי}}"	"{{מ:קו""כ-אם-2|נְבִיַּאיָּ֔א|נביאיא|נְבִיַּיָּ֔א|מקורות=ל-קרי|סוג=אל""ף מיותרת}}"	success	Sun Apr 26 2026
כתובים אחרונים	ספר עזרא/עזרא ה	ב	E	"{{מ:קו""כ-אם-2|נְבִיַּאיָּ֥א|נביאיא|נְבִיַּיָּ֥א|מקורות=ל-קרי}}"	"{{מ:קו""כ-אם-2|נְבִיַּאיָּ֥א|נביאיא|נְבִיַּיָּ֥א|מקורות=ל-קרי|סוג=אל""ף מיותרת}}"	success	Sun Apr 26 2026
נביאים ראשונים	ספר יהושע/כד	יד	E	יְר֧אוּ	יְר֧אֿוּ	success	Sat May 02 2026
נביאים ראשונים	"ספר שמואל/שמ""א יב"	כד	E	יְר֣אוּ	יְר֣אֿוּ	success	Sat May 02 2026
נביאים ראשונים	"ספר שמואל/שמ""ב יא"	כד	E	"{{מ:קו""כ-אם-2|וַיֹּר֨אֿוּ|ויראו|וַיֹּר֨וּ|מקורות=ל-קרי|סוג=אל""ף מיותרת}}"	"{{מ:קו""כ-אם-2|וַיֹּר֨אֿוּ|ויראו|וַיֹּר֨וּ|מקורות=ל-קרי|סוג=אל""ף נחה באמצע תיבה ולא נקראת}}"	success	Sat May 02 2026
נביאים ראשונים	"ספר שמואל/שמ""ב יא"	כד	E	"{{מ:קו""כ-אם-2|הַמּוֹרִ֤אֿים|המוראים|הַמּוֹרִ֤ים|מקורות=ל-קרי|סוג=אל""ף מיותרת}}"	"{{מ:קו""כ-אם-2|הַמּוֹרִ֤אֿים|המוראים|הַמּוֹרִ֤ים|מקורות=ל-קרי|סוג=אל""ף נחה באמצע תיבה ולא נקראת}}"	success	Sat May 02 2026
נביאים אחרונים	ספר יחזקאל/מז	ח	E	מיותרת}}	נחה באמצע תיבה ולא נקראת}}	success	Sat May 02 2026
"ספרי אמ""ת"	ספר תהלים/לד	י	E	יְר֣אוּ	יְר֣אֿוּ	success	Sat May 02 2026
כתובים אחרונים	ספר דניאל/א	ד	E	מיותרת}}|2==פטרבורג-EVR-II-B-55,ש2	נחה באמצע תיבה ולא נקראת}}|2==פטרבורג-EVR-II-B-55,ש2	success	Sat May 02 2026
כתובים אחרונים	ספר דניאל/ד	טז	E	מיותרת}}	נחה באמצע תיבה ולא נקראת}}	success	Sat May 02 2026
כתובים אחרונים	ספר דניאל/ד	כא	E	מיותרת}}|2==ל	נחה באמצע תיבה ולא נקראת}}|2==ל	success	Sat May 02 2026
כתובים אחרונים	ספר עזרא/עזרא ה	א	E	מיותרת}}	נחה באמצע תיבה ולא נקראת}}	success	Sat May 02 2026
כתובים אחרונים	ספר עזרא/עזרא ה	ב	E	מיותרת}}	נחה באמצע תיבה ולא נקראת}}	success	Sat May 02 2026
תורה	ספר בראשית/ל	יא	E	"{{מ:כו""ק"	"{{מ:כו""ק מיוחד|בגד|בָּ֣א גָ֑ד|סוג=כו""ק"	success	Sun May 03 2026
תורה	ספר בראשית/ל	יא	E	מילין|בגד|בָּ֣א גָ֑ד}}	מילין}}	success	Sun May 03 2026
תורה	ספר שמות/ד	ב	E	"{{מ:כו""ק"	"{{מ:כו""ק מיוחד|מזה|מַה־זֶּ֣ה|סוג=כו""ק"	success	Sun May 03 2026
תורה	ספר שמות/ד	ב	E	מילין|מזה|מַה־זֶּ֣ה}}	מילין}}	success	Sun May 03 2026
תורה	ספר דברים/לג	ב	E	"{{מ:כו""ק "	"{{מ:כו""ק מיוחד|אשדת|אֵ֥שׁ דָּ֖ת|סוג=כו""ק "	success	Sun May 03 2026
תורה	ספר דברים/לג	ב	E	מילין|אשדת|אֵ֥שׁ דָּ֖ת}}	מילין}}	success	Sun May 03 2026
נביאים ראשונים	ספר שופטים/טז	כה	E	"{{מ:כו""ק"	"{{מ:כו""ק מיוחד|כי טוב|כְּט֣וֹב|סוג=כו""ק"	success	Sun May 03 2026
נביאים ראשונים	ספר שופטים/טז	כה	E	חדה|כי טוב|כְּט֣וֹב}}	חדה}}	success	Sun May 03 2026
נביאים ראשונים	"ספר שמואל/שמ""א ט"	א	E	"{{מ:כו""ק"	"{{מ:כו""ק מיוחד|מבן ימין|מִבִּנְיָמִ֗ין|סוג=כו""ק"	success	Sun May 03 2026
נביאים ראשונים	"ספר שמואל/שמ""א ט"	א	E	חדה|מבן ימין|מִבִּנְיָמִ֗ין}}	חדה}}	success	Sun May 03 2026
נביאים ראשונים	"ספר שמואל/שמ""א כ"	ב	E	"{{מ:כו""ק "	"{{מ:כו""ק מיוחד|לו עשה|לֹֽא־יַעֲשֶׂ֨ה|סוג=כו""ק "	success	Sun May 03 2026
נביאים ראשונים	"ספר שמואל/שמ""א כ"	ב	E	אחת|לו עשה|לֹֽא־יַעֲשֶׂ֨ה}}	אחת}}	success	Sun May 03 2026
נביאים ראשונים	"ספר שמואל/שמ""א כד"	ח	E	"{{מ:כו""ק "	"{{מ:כו""ק מיוחד|מן המערה|מֵֽהַמְּעָרָ֔ה|סוג=כו""ק "	success	Sun May 03 2026
נביאים ראשונים	"ספר שמואל/שמ""א כד"	ח	E	חדה|מן המערה|מֵֽהַמְּעָרָ֔ה}}	חדה}}	success	Sun May 03 2026
נביאים ראשונים	"ספר שמואל/שמ""ב ה"	ב	E	"{{נוסח|{{מ:כו""ק "	"{{נוסח|{{מ:כו""ק מיוחד|הייתה מוציא|הָיִ֛יתָ הַמּוֹצִ֥יא|סוג=כו""ק "	success	Sun May 03 2026
נביאים ראשונים	"ספר שמואל/שמ""ב ה"	ב	E	אחת|הייתה מוציא|הָיִ֛יתָ הַמּוֹצִ֥יא}}|2=א-כתיב=הָיִ֛יתָהַ֯	אחת}}|2=א-כתיב=הָיִ֛יתָהַ֯	success	Sun May 03 2026
נביאים ראשונים	"ספר שמואל/שמ""ב ח"	ג	E	"{{נוסח|{{מ:כו""ק "	"{{נוסח|{{מ:כו""ק מיוחד|בנהר|בִּֽנְהַר־פְּרָֽת|סוג=כו""ק "	success	Sun May 03 2026
נביאים ראשונים	"ספר שמואל/שמ""ב ח"	ג	E	"מילים|בנהר|בִּֽנְהַר־פְּרָֽת}}|2=א-קרי=""בנהר"	"מילים}}|2=א-קרי=""בנהר"	success	Sun May 03 2026
נביאים ראשונים	"ספר שמואל/שמ""ב כא"	יב	E	"{{נוסח|{{מ:כו""ק "	"{{נוסח|{{מ:כו""ק מיוחד|תלום שם הפלשתים|תְּלָא֥וּם שָׁ֙מָּה֙ פְּלִשְׁתִּ֔ים|סוג=כו""ק "	success	Sun May 03 2026
נביאים ראשונים	"ספר שמואל/שמ""ב כא"	יב	E	אחת|תלום שם הפלשתים|תְּלָא֥וּם שָׁ֙מָּה֙ פְּלִשְׁתִּ֔ים}}|2=א-כתיב=תְּלָוֻ֥֯ם	אחת}}|2=א-כתיב=תְּלָוֻ֥֯ם	success	Sun May 03 2026
נביאים ראשונים	"ספר מלכים/מל""א יז"	טו	E	"{{מ:כו""ק "	"{{מ:כו""ק מיוחד|הוא והיא|הִֽיא־וָה֛וּא|סוג=כו""ק "	success	Sun May 03 2026
נביאים ראשונים	"ספר מלכים/מל""א יז"	טו	E	אחת|הוא והיא|הִֽיא־וָה֛וּא}}	אחת}}	success	Sun May 03 2026
נביאים ראשונים	"ספר מלכים/מל""ב יח"	כז	E	"אֶת־{{נוסח|{{מ:קו""כ"	"אֶת־{{נוסח|{{מ:כו""ק מיוחד|שניהם|מֵימֵ֥י רַגְלֵיהֶ֖ם|סוג=קו""כ"	success	Sun May 03 2026
נביאים ראשונים	"ספר מלכים/מל""ב יח"	כז	E	מילים|שניהם|מֵימֵ֥י רַגְלֵיהֶ֖ם}}|2==א{{ש}}א-כתיב=‹[אֵ]שֵ֥נַיְ+יֵהֶ֖ם›,	מילים}}|2==א{{ש}}א-כתיב=‹[אֵ]שֵ֥נַיְ+יֵהֶ֖ם›,	success	Sun May 03 2026
נביאים אחרונים	ספר ישעיהו/ג	טו	E	"{{מ:כו""ק"	"{{מ:כו""ק מיוחד|מלכם|מַה־לָּכֶם֙|סוג=כו""ק"	success	Sun May 03 2026
נביאים אחרונים	ספר ישעיהו/ג	טו	E	מילין|מלכם|מַה־לָּכֶם֙}}	מילין}}	success	Sun May 03 2026
נביאים אחרונים	ספר ישעיהו/ט	ו	E	"{{נוסח|{{מ:כו""ק"	"{{נוסח|{{מ:כו""ק מיוחד|לם רבה|לְמַרְבֵּ֨ה|סוג=כו""ק"	success	Sun May 03 2026
נביאים אחרונים	ספר ישעיהו/ט	ו	E	חדה|לם רבה|לְמַרְבֵּ֨ה}}|2==א,ק,ש1	חדה}}|2==א,ק,ש1	success	Sun May 03 2026
נביאים אחרונים	ספר ישעיהו/כו	כ	E	"עַד־{{נוסח|{{מ:כו""ק "	"עַד־{{נוסח|{{מ:כו""ק מיוחד|יעבור|יַעֲבׇר־|סוג=כו""ק "	success	Sun May 03 2026
נביאים אחרונים	ספר ישעיהו/כו	כ	E	מקפים|יעבור|יַעֲבׇר־}}|2==א-כתיב	מקפים}}|2==א-כתיב	success	Sun May 03 2026
נביאים אחרונים	ספר ישעיהו/לו	יב	E	"אֶת־{{נוסח|{{מ:קו""כ"	"אֶת־{{נוסח|{{מ:כו""ק מיוחד|שיניהם|מֵימֵ֥י רַגְלֵיהֶ֖ם|סוג=קו""כ"	success	Sun May 03 2026
נביאים אחרונים	ספר ישעיהו/לו	יב	E	מילים|שיניהם|מֵימֵ֥י רַגְלֵיהֶ֖ם}}|2=א-כתיב=[אֵאֵ֥]	מילים}}|2=א-כתיב=[אֵאֵ֥]	success	Sun May 03 2026
נביאים אחרונים	ספר ישעיהו/מד	כד	E	"{{נוסח|{{מ:כו""ק "	"{{נוסח|{{מ:כו""ק מיוחד|מי אתי|מֵאִתִּֽי|סוג=כו""ק "	success	Sun May 03 2026
נביאים אחרונים	ספר ישעיהו/מד	כד	E	חדה|מי אתי|מֵאִתִּֽי}}|2=א-כתיב=מֵי־אִתִּֽי	חדה}}|2=א-כתיב=מֵי־אִתִּֽי	success	Sun May 03 2026
נביאים אחרונים	ספר ירמיהו/ו	כט	E	"{{מ:כו""ק"	"{{מ:כו""ק מיוחד|מאשתם|מֵאֵ֖שׁ תַּ֣ם|סוג=כו""ק"	success	Sun May 03 2026
נביאים אחרונים	ספר ירמיהו/ו	כט	E	מילין|מאשתם|מֵאֵ֖שׁ תַּ֣ם}}	מילין}}	success	Sun May 03 2026
נביאים אחרונים	ספר ירמיהו/יד	יד	E	"{{נוסח|{{מ:כו""ק "	"{{נוסח|{{מ:כו""ק מיוחד|ואלול ותרמות|וֶאֱלִיל֙ וְתַרְמִ֣ית|סוג=כו""ק "	success	Sun May 03 2026
נביאים אחרונים	ספר ירמיהו/יד	יד	E	"אחת|ואלול ותרמות|וֶאֱלִיל֙ וְתַרְמִ֣ית}}|2=א-מ""ק=ואליל"	"אחת}}|2=א-מ""ק=ואליל"	success	Sun May 03 2026
נביאים אחרונים	ספר ירמיהו/יח	ג	E	"{{מ:כו""ק"	"{{מ:כו""ק מיוחד|והנהו|וְהִנֵּה־ה֛וּא|סוג=כו""ק"	success	Sun May 03 2026
נביאים אחרונים	ספר ירמיהו/יח	ג	E	מילין|והנהו|וְהִנֵּה־ה֛וּא}}	מילין}}	success	Sun May 03 2026
נביאים אחרונים	ספר ירמיהו/מח	כ	E	"{{נוסח|{{מ:כו""ק "	"{{נוסח|{{מ:כו""ק מיוחד|הילילי וזעקי|הֵילִ֣ילוּ{{מ:פסק}}וּֽזְﬞעָ֑קוּ|סוג=כו""ק "	success	Sun May 03 2026
נביאים אחרונים	ספר ירמיהו/מח	כ	E	אחת|הילילי וזעקי|הֵילִ֣ילוּ{{מ:פסק}}וּֽזְﬞעָ֑קוּ}}|2=א-כתיב=וּֽזֳעָ֑קיּ	אחת}}|2=א-כתיב=וּֽזֳעָ֑קיּ	success	Sun May 03 2026
נביאים אחרונים	ספר יחזקאל/ח	ו	E	"{{מ:כו""ק "	"{{מ:כו""ק מיוחד|מהם|מָ֣ה הֵ֣ם|סוג=כו""ק "	success	Sun May 03 2026
נביאים אחרונים	ספר יחזקאל/ח	ו	E	מילין|מהם|מָ֣ה הֵ֣ם}}	מילין}}	success	Sun May 03 2026
נביאים אחרונים	ספר יחזקאל/ט	יא	E	"{{נוסח|{{מ:כו""ק "	"{{נוסח|{{מ:כו""ק מיוחד|כאשר|כְּכֹ֖ל אֲשֶׁ֥ר|סוג=כו""ק "	success	Sun May 03 2026
נביאים אחרונים	ספר יחזקאל/ט	יא	E	מילים|כאשר|כְּכֹ֖ל אֲשֶׁ֥ר}}|2=א-כתיב=כְ֖אֲשֶׁ֥ר}}	מילים}}|2=א-כתיב=כְ֖אֲשֶׁ֥ר}}	success	Sun May 03 2026
נביאים אחרונים	ספר יחזקאל/מב	ט	E	"{{מ:כו""ק"	"{{מ:כו""ק מיוחד|ומתחתה לשכות|וּמִתַּ֖חַת הַלְּשָׁכ֣וֹת|סוג=כו""ק"	success	Sun May 03 2026
נביאים אחרונים	ספר יחזקאל/מב	ט	E	אחת|ומתחתה לשכות|וּמִתַּ֖חַת הַלְּשָׁכ֣וֹת}}	אחת}}	success	Sun May 03 2026
"ספרי אמ""ת"	ספר תהלים/י	י	E	"{{מ:כו""ק"	"{{מ:כו""ק מיוחד|חלכאים|חֵ֣ל כָּאִֽים|סוג=כו""ק"	success	Sun May 03 2026
"ספרי אמ""ת"	ספר תהלים/י	י	E	מילין|חלכאים|חֵ֣ל כָּאִֽים}}׃	מילין}}׃	success	Sun May 03 2026
"ספרי אמ""ת"	ספר תהלים/נה	טז	E	"{{מ:כו""ק"	"{{מ:כו""ק מיוחד|ישימות|יַשִּׁ֤י מָ֨וֶת{{מ:לגרמיה-2}}|סוג=כו""ק"	success	Sun May 03 2026
"ספרי אמ""ת"	ספר תהלים/נה	טז	E	מילין|ישימות|יַשִּׁ֤י מָ֨וֶת{{מ:לגרמיה-2}}}}{{ר0}}עָלֵ֗ימוֹ{{ר1}}יֵרְד֣וּ	מילין}}{{ר0}}עָלֵ֗ימוֹ{{ר1}}יֵרְד֣וּ	success	Sun May 03 2026
"ספרי אמ""ת"	ספר תהלים/קכג	ד	E	"{{מ:כו""ק"	"{{מ:כו""ק מיוחד|לגאיונים|לִגְאֵ֥י יוֹנִֽים|סוג=כו""ק"	success	Sun May 03 2026
"ספרי אמ""ת"	ספר תהלים/קכג	ד	E	מילין|לגאיונים|לִגְאֵ֥י יוֹנִֽים}}׃	מילין}}׃	success	Sun May 03 2026
"ספרי אמ""ת"	ספר משלי/כא	כט	E	"{{נוסח|{{מ:כו""ק "	"{{נוסח|{{מ:כו""ק מיוחד|יכין דרכיו|יָבִ֬ין דַּרְכּֽוֹ|סוג=כו""ק "	success	Sun May 03 2026
"ספרי אמ""ת"	ספר משלי/כא	כט	E	"אחת|יכין דרכיו|יָבִ֬ין דַּרְכּֽוֹ}}|2=א-מ""ק=יבין"	"אחת}}|2=א-מ""ק=יבין"	success	Sun May 03 2026
"ספרי אמ""ת"	ספר איוב/לח	א	E	"{{מ:כו""ק"	"{{מ:כו""ק מיוחד|מנהסערה|מִ֥ן{{מ:פסק}}הַסְּעָרָ֗ה|סוג=כו""ק"	success	Sun May 03 2026
"ספרי אמ""ת"	ספר איוב/לח	א	E	מילין|מנהסערה|מִ֥ן{{מ:פסק}}הַסְּעָרָ֗ה}}{{ר1}}וַיֹּאמַֽר׃	מילין}}{{ר1}}וַיֹּאמַֽר׃	success	Sun May 03 2026
"ספרי אמ""ת"	ספר איוב/לח	יב	E	"בֹּ֑קֶר{{ר1}}{{נוסח|{{מ:כו""ק"	"בֹּ֑קֶר{{ר1}}{{נוסח|{{מ:כו""ק מיוחד|ידעתה שחר|יִדַּ֖עְתָּ הַשַּׁ֣חַר|סוג=כו""ק"	success	Sun May 03 2026
"ספרי אמ""ת"	ספר איוב/לח	יב	E	אחת|ידעתה שחר|יִדַּ֖עְתָּ הַשַּׁ֣חַר}}|2=א-כתיב=יִדַּ֖עְתָּ‌הַ	אחת}}|2=א-כתיב=יִדַּ֖עְתָּ‌הַ	success	Sun May 03 2026
"ספרי אמ""ת"	ספר איוב/מ	ו	E	"{{מ:כו""ק"	"{{מ:כו""ק מיוחד|מנסערה|מִ֥ן{{מ:פסק}}סְעָרָ֗ה|סוג=כו""ק"	success	Sun May 03 2026
"ספרי אמ""ת"	ספר איוב/מ	ו	E	מילין|מנסערה|מִ֥ן{{מ:פסק}}סְעָרָ֗ה}}{{ר1}}וַיֹּאמַֽר׃	מילין}}{{ר1}}וַיֹּאמַֽר׃	success	Sun May 03 2026
חמש מגילות	מגילת איכה/א	ו	E	"{{מ:כו""ק"	"{{מ:כו""ק מיוחד|מן בת|מִבַּת־|סוג=כו""ק"	success	Sun May 03 2026
חמש מגילות	מגילת איכה/א	ו	E	חדה|מן בת|מִבַּת־}}צִיּ֖וֹן	חדה}}צִיּ֖וֹן	success	Sun May 03 2026
חמש מגילות	מגילת איכה/ד	ג	E	"{{נוסח|{{מ:כו""ק "	"{{נוסח|{{מ:כו""ק מיוחד|כי ענים|כַּיְעֵנִ֖ים|סוג=כו""ק "	success	Sun May 03 2026
חמש מגילות	מגילת איכה/ד	ג	E	חדה|כי ענים|כַּיְעֵנִ֖ים}}|2==א(ק),ל,ש1,ב1,ק-מ,ש2	חדה}}|2==א(ק),ל,ש1,ב1,ק-מ,ש2	success	Sun May 03 2026
כתובים אחרונים	ספר עזרא/נחמיה ב	יג	E	"אֲשֶׁר־{{נוסח|{{מ:קו""כ"	"אֲשֶׁר־{{נוסח|{{מ:כו""ק מיוחד|המפרוצים|הֵ֣ם{{מ:פסק}}פְּרוּצִ֔ים|סוג=קו""כ"	success	Sun May 03 2026
כתובים אחרונים	ספר עזרא/נחמיה ב	יג	E	מילין|המפרוצים|הֵ֣ם{{מ:פסק}}פְּרוּצִ֔ים}}|2=פסק	מילין}}|2=פסק	success	Sun May 03 2026
כתובים אחרונים	"ספר דברי הימים/דה""א ט"	ד	E	"בֶן־{{נוסח|{{מ:כו""ק"	"בֶן־{{נוסח|{{מ:כו""ק מיוחד|בנימן|בָּנִ֔י מִן־|סוג=כו""ק"	success	Sun May 03 2026
כתובים אחרונים	"ספר דברי הימים/דה""א ט"	ד	E	מקפים|בנימן|בָּנִ֔י מִן־}}|2=א-כתיב=בָּנִ֔ימִן{{ש}}א-קרי=בָּנִ֔י	מקפים}}|2=א-כתיב=בָּנִ֔ימִן{{ש}}א-קרי=בָּנִ֔י	success	Sun May 03 2026
כתובים אחרונים	"ספר דברי הימים/דה""א כז"	יב	E	"{{נוסח|{{מ:כו""ק "	"{{נוסח|{{מ:כו""ק מיוחד|לבנימיני|לַבֵּ֣ן{{מ:פסק}}יְמִינִ֑י|סוג=כו""ק "	success	Sun May 03 2026
כתובים אחרונים	"ספר דברי הימים/דה""א כז"	יב	E	מילין|לבנימיני|לַבֵּ֣ן{{מ:פסק}}יְמִינִ֑י}}|2==ל,ש1,ק13,ק-מ	מילין}}|2==ל,ש1,ק13,ק-מ	success	Sun May 03 2026
כתובים אחרונים	"ספר דברי הימים/דה""ב לד"	ו	E	"{{מ:כו""ק "	"{{מ:כו""ק מיוחד|בחר בתיהם|בְּחַרְבֹתֵיהֶ֖ם|סוג=כו""ק "	success	Sun May 03 2026
כתובים אחרונים	"ספר דברי הימים/דה""ב לד"	ו	E	חדה|בחר בתיהם|בְּחַרְבֹתֵיהֶ֖ם}}	חדה}}	success	Sun May 03 2026
