English	templates - תבניות			עברית
"     Besides Unicode text, this project also contains templates. A template is a function, often with one or more parameters, that represents visible features in the masoretic text or concepts related to its presentation. These features or concepts require documentation and/or formatting beyond the simple Unicode characters that are used for letters, niqqud and accents.
     Templates are always contained with double curly brackets like this: {{template}}. The first component in a template is always its name, which defines its function. Following the name may be zero or more parameters. Some of these parameters may be required and others may be optional.
     Each element of a template (its name and each of its parameters) is separated within the template by a vertical line (""|"") like this:
{{name}}
or
{{name|parameter}}
or
{{name|parameter1|parameter2}}
etc.
     But in Hebrew these elements of course appear from right to left like this:
{{שם|משתנה1|משתנה2}}.
     To see exactly how a template functions in Wikisource, click on its link in this list and then go to its edit page to examine the code.
     Any implementation of this project, whether at Wikisource or elsewhere, must decide how to best interpret and apply the templates found within the text (and listed here) according to its particular needs and goals. It is *not* recommended to simply copy the text as it is.
     Note that the names of many of these templates begin with the prefix ""מ:"" which is short for ""מקרא"". This prefix indicates that the template is specifically designed for use within the Miqra al pi ha-Masorah project, and is not meant for general use throughout Wikisource. Some of the other templates will also be changed to names with this prefix in the future."	List at Wikisource - רשימה בוויקיטקסט			"     מלבד טקסט מוקלד ביוניקוד, יש בפרויקט הזה גם תבניות. תבנית היא פונקציה, לעתים קרובות עם משתנה אחד או יותר, המייצגת מאפיינים הנראים לעין בתוך נוסח המסורה או מושגים הקשורים לנוסח המסורה. המאפיינים והמושגים הללו חמייבים תיעוד ו/או עיצוב מעבר לתווים הפשוטים ביוניקוד שמשתמשים בהם בשביל האותיות והניקוד והטעמים.
     תבניות באות תמיד בתוך סוגריים מסולסלים כך: {{תבנית}}. המרכיב הראשון בכל תבנית הוא שמה, המגדיר את הפונקציה שלה. לאחר השם יכולים לבוא משתנה חובה אחד או יותר, משתנים אופציונליים, ו/או הערות תיעוד.
     כל מרכיב ייחודי בתוך תבנית (שם, משתנים, הערות) מובדל על ידי קו אנכי (""|"") כך:
{{שם}}
או
{{שם|משתנה}}
או
{{שם|משתנה|הערה או הערות}}
או
{{שם|משתנה1|משתנה2|הערה או הערות}}.
     כדי לראות איך בדיוק התבנית פועלת בוויקיטקסט, יש ללחוץ על הקישור שלה ברשימה זו ולפתוח את דף העריכה שלה בוויקיטקסט כדי לראות את הקוד שלה.
     כל יישום של הפרויקט הזה, בוויקיטקסט או במקום אחר, חייב אם כן להחליט על הדרך הראויה ביותר לפרש וליישם את התבניות הנמצאות בתוך הטקסט (והמופיעות ברשימה זו), לפי הצרכים והמטרות המיוחדים לאותו יישום. *לא* מומלץ להעתיק את הטקסט כמו שהוא.
     כדאי לשים לב שהשמות ברבות מהתבניות הללו מתחחילים ב""מ:"" שהוא קיצור ל""מקרא"". תוספת זו בתחילת השם מציינת שהבתנית עוצבה במיוחד עבור שימוש בפרויקט ""מקרא על פי המסורה"", ואינה מיועדת לשימוש כללי בוויקיטקסט. גם השמות בחלק משאר התבניות ישתנו בעתיד בתוספת ""מ:"" בתחילתם."
The documentation template:				תבנית התיעוד:
"This is the documentation template (נוסח), which is used extensively. Its first parameter (משתנה) is the ""target"" of the documentation. Following the target parameter is a ""notes"" parameter (הערות) that documents and discusses anomalous or surprising forms, variant readings, uncertain readings, and other data relevant to target. The purpose of this template is to mark off notable or unusual or questionable elements within the text, and its notes serve to document any local data relevant to them. But the template itself is designed not to interfere in any way with how the target text appears to the reader."	{{נוסח|משתנה|הערות}}			"זוהי התבנית לתיעוד הנוסח, שהשימוש בה נפוץ ביותר. יש בה משתנה אחת, שהיא הטקסט המדוייק המופיע בפועל בתוך המהדורה. לאחר הטקסט עצמו יש בתוך התבנית הערה אחת או כמה הערות המתעדות שינויי גירסה מובהקים, שינויי גירסה מסופקים, גרסאות מתהימות, וכל מידע נוסף שהוא רלוונטי לקביעת הנוסח במקום הנתון. בסך הכל יש בתבניות הנוסח ציוּן ותיעוד מלא לכל פרט, ולו הקטן ביותר, שיכול להשפיע על קביעת הנוסח במהדורתנו (באותיות ובניקוד ובטעמים ובחלוקת הפרשות ובתחומים נוספים). אין להערות הללו שום השפעה על תפקודה של התבנית בפועל. מטרתה של התבנית היא אך ורק לתייג את המרכיבים בטקסט הראויים לציון, או שהם חריגים או מסופקים, וההערות במקומות הללו באות רק כדי לספק מידע לגביהם. לכן התבנית ""נוסח"" בנויה כדי שלא להפריע כלל, בכל דרך שהיא, על הצגת הטקסט בפני הקורא."
Navigation templates (mostly in Column D):				תבניות ניווט (בעמודה D בעיקר):
"This is the main navigation template, which appears immediately before every verse, in Column D. It has three required parameters:

The first (משתנה1) is the book name.
The second (משתנה2) is the chapter number.
The third (משתנה3) is the verse number.

It also has optional parameters for seder number (סדר=) and Torah-aliyah identification (עלייה=).

One quirk of the book name parameter is that Ovadiah is spelled עבדיה in column A but it is spelled עובדיה in this template, in column D.

Further optional parameters can easily be added in the future.

In the Wikisource edition of MAM, this template creates visible numbering and labeling in the right margin (for chapter and verse numbers) and in the left margin (for seder number and aliyah ID). Note that all chapter and verse numbering in MAM follows Koren (the only exception to this rule being for the initial verses of the Ten Commandments), which is a good representative of the typical numbering in Jewish editions. Variations in verse numbering are sometimes noted by using the documentation template."	"{{מ:פסוק
|משתנה1
|משתנה2
|משתנה3
|סדר=
|עלייה=}}"	https://he.wikisource.org/wiki/%D7%AA%D7%91%D7%A0%D7%99%D7%AA:%D7%9E:%D7%A4%D7%A1%D7%95%D7%A7	{{מ:פסוק|משתנה1|משתנה2|משתנה3|סדר=|עלייה=}}	"זוהי תבנית הניווט העיקרית, המופיעה לפני כל פסוק בטור D. יש בו שלושה משתנים שהם חובה בכל פסוק: השם של הספר, מספר הפרק, ומספר הפסוק (כולם באותיות עבריות). יש בה גם משתנים אופציונליים למספר הסדר (""סדר="") ומספר העלייה בתורה (""עלייה=""). ניתן בקלות להוסיף בה משתנים אופציונליים נוספים לפי הצורך בעתיד. התבנית יוצרת בפועל סימני ניווט בשוליים בצד ימין (למספרי פרקים ופסוקים) ובצד שמאל (למספרי סדרים ועליות בתורה). יש לציין שכל מספרי הפרקים והפסוקים במהדורה זו הם תמיד לפי דפוס קורן (היוצא מן הכלל היחיד הוא בפסוקים הראשונים שבעשרת הדברות בלבד); דפוס קורן הוא נציג נאמן למספרים ברוב רובם של הדפוסים היהודיים, ובמיוחד בדורות האחרונים. אבל לפעמים גם ציינו הבדלים בחלוקת הפרקים (ובעקבותיהם גם במספור הפסוקים) ע""י השימוש בתבנית לתיעוד הנוסח (כאשר תבנית הניווט עצמה הופכת להיות המשתנה בתוך תבנית ""נוסח"" בטור D)."
"This is like the main navigation template, but meant for use within
special formatting (such as the Song of the Sea in Exodus) so that the numbering and labeling appear properly in the margins despite the formatting. Note that the code for such formatting (including this
template) always appears within the special pages for Song format at Wikisource, rather than in Column D of this spreadsheet. This template uses the same parameters as the main navigation template."	"{{מ:פסוק-שירה
|משתנה1
|משתנה2
|משתנה3
|סדר=
|עלייה=}}"	https://he.wikisource.org/wiki/%D7%AA%D7%91%D7%A0%D7%99%D7%AA:%D7%9E:%D7%A4%D7%A1%D7%95%D7%A7-%D7%A9%D7%99%D7%A8%D7%94	{{מ:פסוק-שירה|משתנה1|משתנה2|משתנה3|סדר=|עלייה=}}	"תבנית זו דומה לתבנית הניווט העיקרית, אבל היא מיועדת לשימוש בתוך עיצוב מיוחד לצורת השיר בכ""א הספרים (כגון בשירת הים בספר שמות), כדי שסימני הניווט בשוליים בצדדים יופיעו באופן נכון למרות העיצוב המיוחד בשירים. חשוב לציין שכל הקוד לעיצוב השיר, כולל התבנית הזו, מופיע בדפים המיועדים ל""צורת השיר"" בוויקיטקסט, ולא בעמודה D בגליון הנתונים הזה). הפרמטרים בתבנית זו זהים לתבנית הניווט העיקרי.
"
"This template supports the navigation templates by creating margins on the right and left so that the navigation symbols created by the navigation templates can be properly shown. It has a single parameter, namely a number that defines the size of the margins (which is always ""5"" in Wikisource)."	{{מ:שוליים|5}}			"תבנית זו תוכמת בתבניות הניווט ע""י יצירת שוליים מימין ומשמאל כדי לאפשר את תצוגתם הנכונה של סימני הניווט הנוצרים ע""י תניות הניווט. יש בה פרמטר אחד המגדיר את גודלם של השוליים (בוויקיטקסט הוא תמיד ""5"")."
This template simply designates the end of the margins created by the previous template (with a </div>).	{{מ:שוליים-סוף}}			"תבנית זו פשוט מציינת את סוף השוליים שנוצרו ע""י התבנית הקודמת (ע""י </div>)."
General formatting:				עיצוב כללי:
"This template provides a ""title"" at the top of every page in this edition with convenient links to tables of content, introductions, and practical information about fonts for viewing texts with accents."	{{תבנית:טעמי המקרא באינטרנט}}			"תבנית זו יוצרת ""כותרת"" בראש כל דף במהדורה, ובכותרת זו יש קישורים נוחים לדפים שימושיים, כגון: תוכן העניינים, פרקי מבוא, ומידע על גופנים לטעמי המקרא."
"This template sets the fonts and style for the texts in this edition. It has an optional parameter which is a number indicating the size of the font. The default size in Wikisource (if there is no number) is 23pt and it almost always appears this way. But there is an exception: For ""song"" format within the 21 books (which is formatted within tables), the size has been set to 18 in Wikisource by adding ""18"" as an optional parameter. However, normally there is no parameter."	{{מ:טעמי המקרא}}			"תבנית זו מגדירה את הגופנים והעיצוב עבור הטקסטים במהדורה זו שיש בהם ניקוד וטעמים. יש בה משתנה אופציונלי אחד שהוא מספר המגדיר את גודל הגופן. ברירת המחדל בוויקיטקסט (אם אין מספר למשתנה זה) היא 23pt, וכך הוא ברוב המכריע של המקרא בווויקיטקסט. אבל יש לציין יוצא מן הכלל אחד: בצורת השיר בכ""א הספרים (המעוצבת בתוך טבלאות), גודל הגופן הוגדר ל-18pt בוויקיטקסט על ידי הוספת המספר ""18"" למשתנה האופציונלי. אמנם בדרך כלל אין משתנה."
This template simply designates the end point for the fonts and style set by the previous template (with a </div>).	{{מ:טעמי המקרא-סוף}}			"תבנית זו פשוט מציינת את סוף ההגדרה לגופן ולעיצוב שנוצרה ע""י התבנית הקודמת (ע""י </div>)."
This template adds a note at the bottom of the page saying that the text was originally edited on a different page. Its single parameter is a link to that page. It is mostly used for pages in Neviim and Ketuvim that were originally edited as part of a reconstruction of the Aleppo codex in its missing parts.	{{בסיס-משתמש|משתנה}}			תבנית זו מוסיפה הערה בתחתית הדף שהטקסט נערך במקור בדף אחר. המשתנה היחיד בתבנית הוא קישור לדף המקורי. השימוש בו בדרך כלל בדפים של ספרי הנביאים והכתובים שעברו עריכה במקורם בחלק מחזור לכתר ארם צובה בחלקיו החסרים.
This template adds a note at the bottom of the page saying that the poetic form of Psalms is also available in other formats (and provides links to them). Such alternative formats are available for 11 Psalms.	"{{צורות כתיבה בספרי אמ""ת}}"			"תבנית זו מוסיפה הערה בתחתית הדף שצורת השיר למזמור בתהלים זמינה גם בצורות נוספות (ונותנת קישור אליהן). צורות נוספות זמינות כעת ל-11 מזמורי תהלים (ט""ו-כ""ה)."
Templates for the beginning of books:				תבניות לראשי ספרים:
"This template marks the precise beginning of the 24 books in the masoretic corpus, each of which is preceded by defined spacing according to the masoretic tradition. It has a single parameter for the name of the book (e.g. שמואל). It is not used for the second book-part of any of the two-part books. I.e. it is not used for 2 Samuel, 2 Kings, Nehemiah, or 2 Chronicles. It is used at the start of the minor prophetic book-part הושע (Hosea), but it is not used for any of the subsequent 11 minor prophetic book-parts. Even for Hosea, it is marking the start of the book called תרי עשר (""The 12""), not marking the start of Hosea."	{{מ:ספר חדש|משתנה}}			"תבנית זו מציינת את מקום ההתחלה המדוייק של הטקסט בכל אחד מכ""ד הספרים במקרא לפי המסורה, אשר לפני כל אחד מהם יש רווח מסויים במסורה. יש בו משתנה אחד לשמו של הספר (לדוגמה: ""שמואל""). אין שימוש בתבנית זו בתחילת שמ""ב, מל""ב, דה""ב, נחמיה, וגם לא בתוך שנים עשר הנביאים ""הקטנים"" (כלומר בנביאי ""תרי עשר"").
"
This template marks the precise beginning of each of the 12 minor prophetic book-parts; each of them is preceded by defined spacing in the masoretic tradition. It has a single parameter for the name of the prophet (e.g. חבקוק).	{{מ:רווח בתרי עשר|משתנה}}			תבנית זו מציינת את התחלתו המדוייקת של כל אחד מנביאי תרי עשר, שיש ביניהם עיצוב של רווח מסויים לפי שיטת המסורה. בתבנית יש משתנה אחר עבור שם הנביא, לדוגמה: {{רווח בתרי עשר|חבקוק}}.
"This template marks the precise beginning of each of the five divisions (""books"") of Psalms, each of which is preceded by defined spacing in the masoretic tradition. It has a single parameter for the book number (e.g. ספר שני). It appears at the start of Psalms 1, 42, 73, 90, and 107.

Note that the 5 divisions (""books"") of Psalms correspond neither to MAM's normal notion of a book nor to MAM's normal notion of a book-part.

As a reminder, MAM only uses its notion of book-part in the following books:

The 3 books with numbered ""halves"" (Sam., Kgs., Chr.)

The 1 book with named ""halves"" (Ezra-Nehemiah).

The 1 book with named ""twelfths"" (The 12 Minor Prophets)."	{{מ:רווח לספר בתהלים|משתנה}}			"תבנית זו מציינת את התחלתו המדוייקת של כל אחד מחמשת הספרים בתהלים, שיש ביניהם עיצוב של רווח מוגדר לפי שיטת המסורה. בתבנית יש משתנה אחד עבור מספר הספר, לדוגמה: {{רווח לספר בתהלים|ספר שני}}. חמשת הספרים מתחילים במזמורים א, מב, עג, צ, קז. יש לשים לב שחלוקת ספר תהלים לחמישה ספרים ""פנימיים"" אינו תואם את החלוקת ספרי המקרא: ספר תהלים נחשב לאחד מכ""ד ספרי מקרא, ולא לחמישה. החלוקה הפנימית של תהלים לחמישה ספרים יותר דומה לחלוקת נביאי ""תרי עשר"": תרי עשר נחשב לספר אחד, אמנם במסורה יש רווחים מיוחדים בין נביא לנביא. כמובן שהחלוקה הזאת אינה דומה כלל לחלוקת שמואל, מלכים ודה""א ל""א"" ו""ב"", כי לחלוקה זו אין שום מקור במסורה, והוא בא ממקורות זרים."
Templates for ketiv and qeri:				תבניות לכתיב וקרי:
"This is the main template for ""ketiv and qeri"". It has two required parameters, namely the unpointed ketiv (first) and the pointed qeri (second). In Wikisource it is set to show the ketiv in gray first, followed by the qeri (after a space, and in regular color (black)). If there are textual anomalies associated with the ketiv/qeri pair at hand, then this entire template will be the target of a call to the documentation template, which will have a note explaining the issue."	"{{כו""ק|משתנה1|משתנה2}}"			"זאת התבנית הרגילה ל""כתיב וקרי"". יש בה שני פרמטרים שהם חובה, דהיינו הכתיב (משתנה1) והקרי (משתנה2). תבנית זו מעוצבת בוויקיטקסט כדי להראות קודם כל את הכתיב באות אפורה, ואחר כך את הכתיב (באות רגילה לאחר רווח פשוט). אם יש תופעות חריגות לגבי צמד הכתיב/קרי במקום מסוים, אז תופיע התבנית הזאת במלואה בתוך תבנית התיעוד (ראו למעלה ""תבנית:נוסח"") בתור המשתנה היחיד, ולאחריה תבוא הערת נוסח שמסבירה את החריגה."
"This template works like {{כו""ק}}, but it shows the qeri (second parameter) *before* the ketiv (first parameter). This makes a ketiv/qeri pair look better when it comes right after a maqaph."	"{{קו""כ|משתנה1|משתנה2}}"			תבנית זו עובדת בדיוק כמו התבנית הקודמת, חוץ מדבר אחד: היא מעוצבת כד להראות את קרי (משתנה2) *לפני* הכתיב (משתנה1). זה נחוץ בשביל עיצוב מתאים לטקסט כאשר צמד ההכתיב/קרי בא מיד לאחר מקף.
"This template is for two specific instances (2 Kings 18:27 and Isaiah 36:12) where the qeri is shown before the ketiv (as in the previous template). But here the formatting is unique because *two* qeri words match only one ketiv word, plus the vocalization of the first keri word appears in the space in the manuscript before the ketiv, i.e. it is pronounced but not written and thus appears in square brackets (cf. the template for קרי ולא כתיב). This template has three parameters: The first is the ketiv, the second is the first word of the qeri (which appears in square brackets), and the third is the second word of the qeri. Using a special template for this case is meant to make it easier for programmers to do automatic conversions of the text.

In both cases this template is used, it is used for the following euphemism:

אֶת־[מֵימֵ֥י רַגְלֵיהֶ֖ם] שניהם."	"{{מ:קו""כ קרי שונה מהכתיב בשתי מילים
|משתנה1
|משתנה2
|משתנה3}}"	"{{מ:קו""כ קרי שונה מהכתיב בשתי מילים|משתנה1|משתנה2|משתנה3}}"	https://he.wikisource.org/wiki/%D7%AA%D7%91%D7%A0%D7%99%D7%AA:%D7%9E:%D7%A7%D7%95%22%D7%9B_%D7%A7%D7%A8%D7%99_%D7%A9%D7%95%D7%A0%D7%94_%D7%9E%D7%94%D7%9B%D7%AA%D7%99%D7%91_%D7%91%D7%A9%D7%AA%D7%99_%D7%9E%D7%99%D7%9C%D7%99%D7%9D	"תבנית זו משמשת למקרה מיוחד של התבנית הקודמת (תבנית:קו""כ) שמופיע בשני מקומות: מל""ב י""ח,כז וישעיהו לו,יב. מדובר על אותה פונקציה בדיוק, אבל במקרה הזה יש *שתי* מלים של כתיב. הראשונה מופיעה בכתב היד ברווח שלפני המילה, כלומר היא נקראת ולא כתובה, ולכן מציגים אותה בסוגריים מרובעים. אם כן יש שלושה משתנים בתבנית זו: המשתנה הראשון הוא הכתיב, השני הוא המילה הראשונה בקרי שמופיעה בסוגריים מורבעים, והשלישי הוא המילה השנייה של הקרי. הצורך בתבנית מיוחדת במקרה הזה נובע כדי לאפשר למתכנתים לעשות המרה האוטומטית של הטקסט. והשוו את התבנית ל""קרי ולא כתיב"" להלן. בשני המקומות שבהם משתשמים בתבנית זו, השימוש הוא עבור הכינוי הבא המופיע ב""קרי"" של הפסוק: ""אֶת־[מֵימֵ֥י רַגְלֵיהֶ֖ם] שניהם""."
This template is used to mark ketiv/qeri pairs where the qeri is nothing more than a matter of matres lectionis (אֵם קריאה). In such cases some editions such as those of Koren and Breuer do not display a ketiv/qeri pair, instead merely showing a pointed ketiv (כככ-נ). Following its pointed ketiv (כככ-נ) parameter, that template has the two parameters of a normal ketiv/qeri template, namely an unpointed ketiv (כככ) and a pointed qere (קקק). Two optional named arguments follow: מקורות and סוג.	"{{מ:קו""כ-אם-2|כככ-נ|כככ|קקק}}"			"תבנית זו מתייגת צמדי כתיב/קרי במקומות שבהם הקרי הוא רק עניין של ""אֵם קריאה"" בלבד. במקומות כאלה לא מופיע במהדורתנו צמד של כתיב/קרי (בדומה למהדורות אחרות כגון קורן וברויאר). בכל זאת יש תיוג במקומות האלה על ידי התבנית הזאת, כי לאחר המשתנה היחיד בה (דהיינו אותיות הכתיב בניקוד ובטעמים שמופיע בטקסט באות רגילה), בא הערת נוסח המתעדת את הקרי (או לעתים את הערת ה""יתיר"" או ה""חסר"") שמופיע בכתבי היד."
"This template tags and formats the special phenomenon of ""ketiv ve-lo qeri"" (a word written but not read). Its single parameter is the ketiv. In Wikisource the ""ketiv"" parameter is set so that it appears in gray, plus it is entered within parenthesis. For example: a parameter of ""(אם)"" in Ruth 3:12."	{{כתיב ולא קרי|משתנה}}			"תבנית זו מתייגת ומעצבת את התופעה המיוחדת של ""כתיב ולא קרי"". המשתנה היחיד שבה הוא הכתיב. התבנית מעוצבת בוויקיטקסט כדי שהכתיב שאינו נקרא יופיע באות אפורה, ובנוסף לכך מכניסים אותו בתור משתנה בתוך סוגריים עגולים. לדוגמה: ""(אם)"" בתור משתנה ברות ג,יב."
"This template tags and formats the special phenomenon of ""qeri ve-lo ketiv"" (a word read but not written). Its single parameter is the qeri. In Wikisource the ""qeri"" parameter is set to appear like the rest of the biblical text in regular color (black), but it is entered between square brackets. For example: a parameter of ""[אֵלַ֔י]"" in Ruth 3:17."	{{קרי ולא כתיב|משתנה}}			"תבנית זו מתייגת ומעצבת את התופעה המיוחדת של ""קרי ולא כתיב"". המשתנה היחיד שבה הוא הקרי. התבנית מעוצבת בוויקיטקסט כדי שהקרי יופיע כמו שאר נוסח המקרא באות רגילה, אבל מכניסים אותו בתור משתנה בתוך סוגריים מרובעים. לדוגמה: ""[אֵלַ֔י]"" בתור משתנה ברות ג,יז."
"This template is meant to be used solely within a special derivative ""ketiv"" version of the Hebrew Bible, which only shows the letter-text, i.e. only shows the unpointed letters. It tags ketiv/qeri pairs (2 parameters for the ketiv and qeri) but only actually shows the ketiv (in plain fashion like the rest of the biblical text). A ""ketiv"" edition of the Torah using this template may be found at the following link:"	"{{כו""ק-אותיות|משתנה1|משתנה2}}"			"תבנית זו מיועדת לשימוש אך ורק בתוך מהדורת ""כתיב"" מיוחדת של המקרא, שבו מופיע נוסח האותיות בלבד (בלי ניקוד וטעמים). התבנית מתייגת צמדים של כתיב/קרי (שני משתנים לכתיב ולקרי) אבל בפועל מראה רק את הכתיב (באות רגילה כמו שאר נוסח המקרא ללא הבדל). מהדורת ""כתיב"" של התורה שמשתמשת בתבנית הזאת נמצאת בקישור הבא:"
"""Ketiv"" Edition of the Torah"				"מהדורת ""כתיב"" של התורה"
Templates for the Parashah divisions (mostly in Column C):				תבניות לחלוקת הפרשות (בעמודה C בעיקר):
"This is the common template representing an ""open"" parashah division (parashah petuḥah). In Wikisource it is set to leave a blank line between the end of the previous parashah and the beginning of the next one (this format is a normal halakhic one according to Maimonides, based on the Tiberian masoretic manuscripts, and is still found in some Torah scrolls). This template and all the rest of the ""parashah"" templates have no parameters."	{{פפ}}			"זוהי התבנית הרגילה עבור ""פרשה פתוחה"". התבנית משאירה רווח של שורה ריקה בין פרשה לפרשה. עיצוב זה מקובל בהלכה לפי הרמב""ם. מוצאים אותו בכתבי היד הטברנים ואף לעתים בספרי תורה שנכתבו בתקופתנו. אין פרמטרים לתבנית זו."
"This is a variation on {{פפ}}. At times it is appropriate to document an ""open"" parashah (petuhah) but for it to appear in a slightly different format, namely for the parashah to start at the beginning of the very next line (with no blank line in between)."	{{פפפ}}			"זוהי התבנית ל""פרשה פתוחה"" שמתחילה מיד בתחילת השורה הבאה, ואין רווח של שורה ריקה בינה לבין הפרשה הקודמת."
"This template supports the previous one by attaching some large blank spaces to the very end of the previous parashah, so that the text cannot continue until the end of the line (which halakhically allows the next parashah to begin on the very next line with no blank line in between). In Wikisource this template is set to show four sequential large blank spaces ("" ""), which are placed at the end of the line."	{{רווח בסוף שורה}}			
"This is the common template representing a ""closed"" parashah division (parashah setumah). In Wikisource it is set to have the parashah begin on the very next line following an indentation (this format is a common halakhic one according to Maimonides, based on the Tiberian masoretic manuscripts, and is still found in some Torah scrolls). The indentation is formed through the use of three large blank spaces of this type: ""　""."	{{סס}}			
"This is a variation on {{סס}}. At times it is appropriate to document a ""closed"" parashah (setumah), but for it to appear in a different format, namely for the parashah to start following a blank space in the middle of the line (with text before and after it). In Wikisource this template is set to show two consecutive large blank spaces (""　"") that are ""glued"" to each other and to the text before and after them."	{{ססס}}			
"This template is not used in MAM proper, i.e. in the 6 main tabs of this spreadsheet. It is used in the ""מיוחד special"" tab of this spreadsheet. It is also used on Hebrew Wikisource in the ""base"" page for presenting the Ten Commandments.

This is a variation on {{סס}}. Like {{סס}}, it shows a ""closed"" parashah (setumah) that begins on the next line following an indentation. But the indentation in this template is narrower, and in Wikisource it is set to show only two large blank spaces ("" ""). It is meant for use within text presented in relatively narrow columns (such as in charts that show the Ten Commandments in parallel columns)."	{{סס2}}			
This used to be an independent template but now just appears, when appropriate, as an argument to various parashah division templates, e.g. as {{סס|פסקא באמצע פסוק}}. This argument tags parashah divisions that happen within a verse (rather than before one).	"{{סס|פסקא באמצע פסוק}}
{{ססס|פסקא באמצע פסוק}}
{{פפ|פסקא באמצע פסוק}}
{{פפפ|פסקא באמצע פסוק}}"			"לפעמים יש רווח של פרשה באמצע פסוק (במקום לפני פסוק), תופעה שנקרא ""פסקא באמצע פסוק"". תבנית זו מתייגת את התופעות הללו. המשתנה הראשון והחשוב בו מכיל את התבנית לצורת הפרשה, שקובעת כיצד תראה הרווח של הפרשה בטקסט (באמצע הפסוק). המשתנה השני מציין את הפסוק (ספר, פרק ומספר הפסוק). לפעמים יש אחר כך הערה על צורת הפרשה באמצע הפסוק בכתב יד אחד או יותר."
The chapter divisions are largely designed to mark where new sections begin. Therefore, the majority of chapters begin at points where visible parashot also begin. However, it is not infrequent for a chapter to begin where there is no new parashah. When the biblical text is presented sequentially, a space must be added before the first verse in the chapter since there is no parashah (but when the chapter is presented in isolation no such space is required). This template tags such chapters so that they can be properly formatted in the 21 books (see the next template for the three poetic books). It is placed in Column C of the first verse in the chapter.	{{מ:אין פרשה בתחילת פרק}}			
"This template is a variation on the previous one. It tags chapters in the three poetic books (ספרי אמ""ת) which do not coincide with a parashah division. It too is placed in Column C of the first verse in the chapter. Because poetic verses in this edition always begin on a new line, this template simply redirects to the template designed for that function (see {{ר4}} below)."	"{{מ:אין פרשה בתחילת פרק בספרי אמ""ת}}"			
"This template occurs only once, at the beginning of פרשת ויחי (Genesis 47:28). It marks the only place in the Torah where a weekly reading (פרשת השבוע) begins at a point where there is no parashah (neither ""open"" nor ""closed""). When the biblical text is presented in chapters or sequentially, a space must be added before this verse. But when פרשת ויחי is presented in isolation no such space is required.
     In Wikisource this template is currently null, but in the future it will be set to show a space if the name of the page is not פרשת ויחי."	{{מ:אין רווח של פרשה בתחילת פרשת השבוע}}			
Templates for special letters and characters:				תבניות לאותיות מיוחדות ותווים מיוחדים:
"This template tags and formats the large letters of the masorah. Its single parameter is the pointed letter itself. For this reason, the template typically occurs within a word. Because there are various traditions about which letters are supposed to be written ""large"", the entire word containing the large letter is often contained within the documentation template, followed by a note. In Wikisource, the template is set to display the large letter in a bigger font and in bold."	{{מ:אות-ג|משתנה|הערות}}			
Like the previous template, but for the small letters of the masorah. In Wikisource, the template is set to display the small letter in a smaller font.	{{מ:אות-ק|משתנה|הערות}}			
"This template tags and formats the ""hung"" letters of the masorah, which appear raised in the text. Its single parameter is the pointed letter itself. For this reason, the template typically occurs within a word."	{{מ:אות תלויה|משתנה}}			
This template tags words with special letters that in the masoretic tradition have dots above and/or below them. Its single parameter is for the word as it is to appear (the dots themselves are Unicode symbols).	{{מ:אות מנוקדת|משתנה|הערות}}			
"This template tags the masoretic sign called ""reversed"" or ""inverted"" nun (which has a Unicode symbol). Its single parameter is the symbol itself, which may by may be followed by notes."	"{{מ:נו""ן הפוכה|הערה}}"			
"In the masoretic tradition, the various forms of the word ""Yerushalayim"" (=Jerusalem) are almost always written without the letter yod (ירושלם). In practical terms this means that three diacritical marks need to be entered after the letter lamed: its own vowel (pataḥ or qamats) and accent mark, plus the vowel of the missing yod (namely ḥiriq). This combination does not always format and display well. To solve the display problem, this template records the vowel and accent of the lamed as its two parameters, plus it automatically provides the ḥiriq of the missing yod while adding the Unicode character CGJ (combining grapheme joiner) before the ḥiriq so that it displays better in most fonts."	{{מ:ירושלם|משתנה1|משתנה2}}			
This template is for 4 rare cases similar to those above, but where the word is Yerushala[y]emah (=“to Jerusalem”) rather than simply Yerushala[y]im (=“Jerusalem”). In particular, the vowel of the missing (implicit) yod is sheva rather than ḥiriq. The 4 cases are 1 Kings 10:2, 2 Kings 9:28, Isaiah 36:2, and Ezekiel 8:3. (In 2 Chronicles 32:9 the word is written fully with the letter yod and there is no need for special handling.)	{{מ:ירושלמה|משתנה1|משתנה2}}			
"This template simply tags and shows the rare accent ""yeraḥ ben yomo"", which is found in the 21 books. It is looks identical to the accent ""galgal"" in the three poetic books (ספרי אמ""ת) and the two share the same Unicode character. The template has no parameters."	{{ירח בן יומו}}			
"This template simply tags and shows the accent ""galgal"" which is found in the 3 poetic books (ספרי אמ""ת). It is identical to the accent ""yeraḥ ben yomo"" in the 21 books (see the previous template). But it merely similar to, not the same as the accent ""etnaḥ haphukh"" in the 3 poetic books as found in the Aleppo Codex (see the next template). Later codices and printed editions merged the two similar signs. In this edition they are distinguished as in the Aleppo Codex, and in Unicode they are also two separate but similar characters. This template distinguishes them and marks them. It has no parameters."	{{גלגל}}			
"This template simply tags and shows the accent ""etnaḥ haphukh"", which is found in the 3 poetic books (ספרי אמ""ת). It is not the same as the very similar ""galgal"" as found in the Aleppo Codex (see the previous template), but in later codices and printed editions the two similar signs were merged. In this edition they are distinguished as in the Aleppo Codex, and in Unicode they are also two different characters. This template has no parameters."	{{אתנח הפוך}}			
"This edition utilizes the special niqqud in Unicode for qamaz qatan, which distinguishes it from a normal qamaz. However, there are places where traditions differ as to whether a qamaz is ""qatan"" or not. In general, the Sephardic tradition has less of a tendency to voice qamaz qatan within certain grammatical forms, while theoretical grammar is more likely find qamaz qatan in those same forms. The latter has had a significant influence on the pronunciation of Modern Hebrew (including the reading of the Torah by speakers of Modern Hebrew). This template takes two named parameters, ""ד="" (for the more theoretical grammar) and ""ס="" (for the Sephardic tradition). In Wikisource, the template is currently set to display ""ד="" as the default, but that can easily be changed, and the future goal is to allow the user to set their own preference."	{{מ:קמץ|ד=|ס=}}			
"This template is used (and only used) to add a normalization-robust meteg in the 10 cases where a below-accent and then a meteg should appear on the same letter. A ""normalization-robust meteg"" is a CGJ and then a meteg."	{{מ:טעם ומתג באות אחת}}			
"This template tags and formats the two ""extra"" marks on the so-called QUPO Decalogue words. The QUPO words are panay & mitaḥat. The two ""extra"" marks are an above-accent and the vowel pataḥ. Since the extra vowel is always pataḥ, the one and only argument this template takes is the above-accent, since it can be either geresh or revia`. This above accent can be conveniently specified using the {{מ:טעם}} template described below. This template inserts a CGJ."	"{{שני טעמים באות אחת קמץ-תחתון-פתח-עליון
|עליו}}"	{{שני טעמים באות אחת קמץ-תחתון-פתח-עליון|עליו}}	https://he.wikisource.org/wiki/%D7%AA%D7%91%D7%A0%D7%99%D7%AA:%D7%A9%D7%A0%D7%99_%D7%98%D7%A2%D7%9E%D7%99%D7%9D_%D7%91%D7%90%D7%95%D7%AA_%D7%90%D7%97%D7%AA_%D7%A7%D7%9E%D7%A5-%D7%AA%D7%97%D7%AA%D7%95%D7%9F-%D7%A4%D7%AA%D7%97-%D7%A2%D7%9C%D7%99%D7%95%D7%9F	
This template drops the first code point in its argument. Its utility is in allowing an accent to be specified on a dummy letter, for readability. Accents not on a letter are hard to decipher. So, for example, the accent geresh can be expressed as {{מ:טעם|ת֜}}, where tav is being used as a dummy letter, i.e. tav is being dropped.	"{{תבנית:מ:טעם
|אות_בטעם}}"	{{תבנית:מ:טעם|אות_בטעם}}	https://he.wikisource.org/wiki/%D7%AA%D7%91%D7%A0%D7%99%D7%AA:%D7%9E:%D7%98%D7%A2%D7%9D	
This template, similar to the template {{שני טעמים באות אחת}}, tags and formats the letters in the rare words (2 of them) where the accents geresh and telisha gedolah are combined. Even though this only occurs in two words, this template is employed a total of three times because it is used twice in one of those words. The template has no parameters.	{{מ:גרש ותלישא גדולה}}			
This template, very similar to the template above, tags and formats the letters in the rare words (3 of them) where the accents gershayim and telisha gedolah are combined. Even though this only occurs in three words, this template is used a total of four times because it is used twice in one of those words. The template has no parameters.	{{מ:גרשיים ותלישא גדולה}}			
This template is used to improve the appearance of the word כל with qamats qatan and merkha in the font Taamey Frank CLM. (This is the font used for MAM on Wikisource.) This template is used in two places: Psalms 35:10 and Proverbs 19:7.	{{מ:כל קמץ קטן מרכא}}			"לעיצוב התיבה ""כל"" בקמץ קטן ומרכא בשני מקומות במקרא: תהלים לה,י; משלי יט,ז."
"This template tags and formats a vertical line at the end of a word in the masoretic text (""׀"") when this line is meant to indicate ""legarmeih"". The very same line is also used for ""paseq"" (see the next template) and the two share the same Unicode character. In Wikisource, legarmeih and paseq are distinguished through distinctive formatting. This template formats legarmeih by showing it close to the word it follows (separated by only a thin space) since it is part of the cantillation for that word. It is also shown in bold."	{{מ:לגרמיה-2}}	{{מ:לגרמיה-2}}	https://he.wikisource.org/wiki/%D7%AA%D7%91%D7%A0%D7%99%D7%AA:%D7%9E:%D7%9C%D7%92%D7%A8%D7%9E%D7%99%D7%94	
"This template tags and formats a vertical line between two words in the masoretic text (""׀"") when this line is meant to indicate ""paseq"". The very same sign is also used for ""legarmeih"" (see the previous template) and the two share the same Unicode character. In Wikisource, legarmeih and paseq are distinguished through distinctive formatting. This template formats paseq by placing it equidistant between the words before and after it (separated from both of them by only a thin space) and in a small grey font (since it is not pronounced and is only meant to warn the reader not to conflate the two words). The template has no parameters."	{{מ:פסק}}			
"This template shows a maqaf sign in grey. It is used between two words accented with ""oleh ve-yored"" in 50 verses in Psalms, Proverbs and Job. This template has no parameters."	{{מ:מקף אפור}}			"תבנית זו מראה את סימן המקף (""־"") בצבע אפור. משתמשים בה בין שתי תיבות של ""עולה ויורד"" ב-50 פסוקי אמ""ת, שלפי הדין ראויות לצירוף על ידי מקף. אין פרמטרים בתבנית זו."
"Song format within the 21 ""prose"" books:"				"צורת השיר בכ""א הספרים:"
"General note: The masoretic tradition requires careful defined ""song"" styles for certain songs and lists that appear within the 21 ""prose"" books. In Wikisource, these texts are presented in two main parallel forms: (1) fully formatted songs created through the use of table code, (2) partially formatted songs created through the use of parashah spaces (see above). Neither of these two forms is accomplished through the use of additional templates beyond those already listed. However, at times the ""song"" format requires special alignment of the text immediately before and after the songs (and sometimes also for the first line of a song). This special requirement is tagged by the following two templates."				
"This template indicates that the text following it must be fully aligned on both sides, completely filling the lines from the right margin to the left margin, including the last line of the ""paragraph"". In CSS this kind of forced justification called ""distribution""."	{{מ:יישור-בשני-הצדדים}}			
This template simply marks the end of the alignment created by the previous template.	{{מ:יישור-בשני-הצדדים-סוף}}			
"Note: Remember that the ""songs"" of the 21 books, when they are fully formatted in tables, use an alternative version of the navigation template that appears within the text on the Song format pages at Wikisource (rather than the regular navigation template in Column D)."				
"Poetic form in the three poetic books (ספרי אמ""ת):"				"צורת השיר בספרי אמ""ת:"
This template sets the poetic stich which follows it in a line of its own with one degree of indentation. In all but 2 cases, it is always found within a verse. In those two cases (Psalms 70 and 108) it represents a closed parashah division that precedes the verse. This template has no parameters.	{{ר1}}			
This template sets the poetic stich which follows it in a line of its own with two degrees of indentation. It is always found within a verse. This template has no parameters.	{{ר2}}			
This template sets the poetic stich which follows it back to the beginning of the next line with no indentation at all. It is always found within a verse. This template has no parameters.	{{ר3}}			
This template sets a new poetic verse to start at the beginning of the next line with no indentation at all. It always occurs immediately before a new verse. This template has no parameters.	{{ר4}}			
If a poetic verse naturally divides into an odd number of stiches (most commonly 3), then this template is inserted within the verse at an appropriate point, following a disjunctive accent, for an additional division that will allow the verse to be displayed in parallel columns (right facing left). This traditional form of display is facilitated by division of each verse into an even number of parts. The actual display of poetic verses at Wikisource does not employ this method, however, and so the template is currently set to show a simple space between words.	{{ר0}}			
Note: The poetic formatting can be entirely removed from the text by simply setting all of the above templates (ר1, ר2, ר3, ר4, ר0) to show a regular space between words.				
"In Job and Proverbs there are ""titles"" set in the center of a line. The phenomenon is not found in the rest of the masoretic bible, and it differs from the regular concept of parashah divisions. This template indicates that the ""title"" is meant to be centered, and its one parameter is the text of the ""title"" itself. In Wikisource it is set to show the ""title"" following a blank line and after an indentation of one-and-a-half (i.e. midway between {{ר1}} and {{ר2}}), which serves to place the ""title"" in the approximate center of the poetic format."	{{פרשה-מרכז|משתנה}}			
Notes in the Torah and Esther:	{{מ:הערה|משתנה}}			הערות בתורה:
There are words in the Torah and Esther that contain footnote numbers (within the very text). The MAM footnote template uses the regular template for footnotes at Hebrew Wikisource. The template's only parameter is the text of the footnote. A full list of notes within the text of the Torah can be found at the following link (Hebrew):				יש מלים בתורה שבהן מופיעים ציונים להערות שוליים (ממש בגוף הטקסט). כדי ליצור את הערות האלו אנחנו משתמשים בתבנית הרגילה להערות בוויקיטקסט (אין זאת תבנית מיוחדת למהדורת מקרא על פי המסורה). המשתנה היחיד בתבנית הוא הטקסט של ההערה עצמה. רשימה מלאה של ההערות המיוחדות בתורה נמצאת בקישור הבא:
List of Special Notes in the Torah				רשימת הערות מיוחדות בתורה
Additional Code in the Spreadsheet (not templates):				קוד נוסף בגליון הנתונים (לא תבניות):
"Double underscore means a regular space like the space between words ("" ""). It is only found in Column C. This corresponds to a place where a newline appears in the Wikisource sources. But not all Wikisource newlines are represented by double underscore: some are represented by double slash: see below."	__			"משמעותו של קו תחתי כפול הוא רווח רגיל כמו הרווח בין שתי מלים ("" ""). בדרך כלל משתמשים בו בטור C."
"Double slash usually corresponds to a place where a newline appears in the Wikisource sources. This use is only found in Column C. The majority of these newlines are purely cosmetic, used only to format the Wikisource sources for easier reading rather than intended to have any shown (rendered) meaning. Some double slashes in zero and תתת rows may be more than cosmetic. Rarely, double slashes are used to form quad slashes, and these are certainly more than cosmetic. Not all Wikisource newlines are represented by double slashes: some are represented by double underscore (see above).

A double slash does NOT represent a Wikisource newline when it is used to form a URL in a doc-note. I.e. double slash does NOT represent a newline when it follows ""http: or ""https:""."	//			"משמעותו של קו נטוי כפול הוא בדרך כלל ""שורה חדשה"" (כלומר CR רגיל ע""י ""enter"" בסוף שורה). בדרך כלל משתמשים בו בטור C. יש יוצא מן הכלל באופן נדיר בתוך הערות שיש בהן קישורים ( עם ""https://""), וצריך להיזהר לא שלא להמיר את הקו הנטוי הכפול בקישורים הללו!"
Templates not yet fully documented:				
"Ketiv/qere between two maqafim.

Only used in Isaiah 26:20, in עַד־יעבור־יַעֲבׇר־זָֽעַם׃."	"{{מ:כו""ק בין שני מקפים|משתנה1|משתנה2}}"			ישעיהו כו כ
Ketiv/qere of k1q2 type: 1-word ketiv & 2-atom qere.	"{{מ:כו""ק כתיב מילה חדה וקרי תרתין מילין
|משתנה1
|משתנה2}}"	"{{מ:כו""ק כתיב מילה חדה וקרי תרתין מילין|משתנה1|משתנה2"		"{{מ:כו""ק ...|כככ|קקק קקק}}
{{מ:כו""ק ...|כככ|קקק־קקק}} (מקף)"
"Ketiv/qere of k1q2 type, between two maqafim.

Only used in 1Chr 9:4, in בֶן־בנימן־[בָּנִ֔י מִן־]בְּנֵי־פֶ֖רֶץ."	"מ:כו""ק כתיב מילה חדה וקרי תרתין מילין בין שני מקפים"			דברי הימים א ט ד
Ketiv/qere of k2q1 type: 2-word ketiv & 1-atom qere.	"מ:כו""ק כתיב תרתין מילין וקרי מילה חדה"			
"Ketiv/qere of special k1q2 type.

Only used in Ezk. 9:11, in כאשר [כְּכֹ֖ל אֲשֶׁ֥ר] צִוִּיתָֽנִי׃.

I'm not sure what makes it special. Perhaps what makes it special is the rather ""strained"" relationship between ketiv and qere, where a single kaf expands to the 3-letter word כְּכֹ֖ל."	"מ:כו""ק קרי שונה מהכתיב בשתי מילים"			יחזקאל/ט,יא
Ketiv/qere of k2q2 type: 2-word ketiv & 2-atom qere.	"מ:כו""ק של שתי מילים בהערה אחת"			
Ketiv/qere of k3q3 type: 3-word ketiv & 3-atom qere.	"כו""ק של שלוש מילים בהערה אחת"			"שמ""ב כא,יב"
"Ketiv/qere of k1q2 type presented in qk order because it is preceded by a maqaf.

Only used in Ne. 2:13, in אֲשֶׁר־[הֵ֣ם ׀ פְּרוּצִ֔ים] המפרוצים"	"מ:קו""כ כתיב מילה חדה וקרי תרתין מילין"			נחמיה ב,יג
This template is kind of like {{ססס}} (triple samekh) but for the 8 shirah (song) sections.	{{מ:ששש}}			
"Line (row?) anchor? Used 4 times. 3 of those times are for the 3 ""dual trope"" sections (2 10 Commandments + Saga of Reuben). The remaining 4th time is at the start of the 2 verses at the end of Numbers 10 that are ""bracketed"" by 2 nun hafukha marks. (These are verses 35 & 36.)"	{{עוגן בשורה|אאא}}			"{{עוגן בשורה|מעשה ראובן חזרה}}
{{עוגן בשורה|עשרת הדברות חזרה}}
{{עוגן בשורה|נו""ן הפוכה}} (במדבר י)
{{עוגן בשורה|עשרת הדברות חזרה}}"
"This template implements a ""good ending"" for a book. It is only used at the end of each of the following 4 books or book-parts: Lam., Ecc., Isa., Mal. (MAM considers Mal. to be part of the book of ""The 12 [minor prophets]"".) This template is always used like this:

<section start=good ending>
{{documentation|{{good ending|xxx}}|...}}
<section end=good ending>

where xxx is the text of the ""good ending""."	{{מ:סיום בטוב|אאא}}			"<קטע התחלה=סיום בטוב/>
{{נוסח|{{מ:סיום בטוב|אאא}}|...}}
<קטע סוף=סיום בטוב/>"
"This template introduces links to the 3 ""dual trope"" sections (2 10 Commandments + Saga of Reuben)."	{{קק|[[#אאא|↓↑]]}}			"{{קק|[[#מעשה ראובן|↓↑]]}}
{{קק|[[#עשרת הדברות בספר שמות|↓↑]]}}
{{קק|[[#עשרת הדברות בספר דברים|↓↑]]}}"
"This template encodes a dually-accented span of text and its corresponding singly-accented “strands.”

The value provided for named arg כפול (example value גג֑֔ג) should be a text with two accents indicated on some or all of its words. This often results in two accents on the same letter. The great codexes contain text like this.

The value provided for named args א and ב (example values גג֑ג and גג֔ג) should be singly-accented “strands” of text corresponding to the dually-accented text. I.e. for the right definition of addition, כפול=א+ב. For Reuben (Gen 35:22), א and ב represent the פשוטה and מדרשית cantillations respectively. For the Decalogues, א and ב represent the תחתון and עליון cantillations respectively."	{{מ:כפול|כפול=גג֑֔ג|א=גג֑ג|ב=גג֔ג}}			
